packet_size,inter_arrival_ms,payload_entropy,port_scan_rate,connection_rate,failed_logins,unique_dst_ips,bytes_per_second,anomaly_score
855.6,8.53,3.9244,13.21,399.3,10,165,79450.9,0.7813
695.7,1.02,7.955,18.8,132.3,18,14,70210.2,0.8451
925.6,2.57,5.0504,7.49,11.8,6,165,96997.0,0.2537
102.9,2.06,5.4003,16.49,442.5,17,153,46624.1,0.5002
496.3,10.6,3.7196,74.88,121.5,3,185,84267.3,0.6963
394.6,15.85,2.1927,50.15,21.1,5,117,81607.4,0.2311
229.5,2.35,0.8166,6.06,8.2,20,73,14756.5,0.4264
269.9,4.14,3.7355,9.95,402.4,13,135,8356.3,0.4692
874.9,12.01,2.2235,52.4,436.2,15,14,88054.7,0.3773
753.3,6.31,0.4134,84.12,445.4,3,168,10626.6,0.7736
813.3,8.26,2.5059,43.42,413.1,5,116,53782.6,0.8352
248.0,3.57,4.2365,76.75,477.3,1,36,85696.5,0.5022
765.7,2.55,0.2692,48.9,429.3,12,107,45271.7,0.5805
445.0,9.5,2.7946,78.98,222.7,11,62,782.9,0.3459
817.4,6.79,5.906,27.97,199.8,3,87,41229.8,0.7217
332.9,4.98,3.1889,66.19,89.4,1,174,24463.4,0.7773
794.5,33.34,4.4124,39.94,443.4,12,187,32050.8,0.6733
201.6,8.54,2.7485,22.35,304.2,17,69,18569.4,0.781
596.0,2.43,7.5137,27.6,292.0,19,47,33703.2,0.0037
184.2,5.19,0.4404,96.74,337.1,13,41,5053.7,0.6694
360.9,16.17,0.956,69.82,372.1,12,146,54697.0,0.8861
417.3,13.38,0.9898,74.89,24.3,14,35,81415.5,0.0566
765.2,2.86,0.2009,11.78,363.7,13,71,95390.0,0.9024
756.4,5.47,6.3654,89.89,117.8,7,66,38859.1,0.3613
444.6,52.14,5.3017,16.42,3.4,9,109,67980.2,0.9322
277.6,8.19,3.9947,31.03,310.3,3,79,55456.2,0.0162
718.4,4.04,4.9242,34.28,237.4,6,166,74373.1,0.004
327.7,2.99,1.0255,64.14,315.7,9,44,57599.9,0.7961
716.7,0.06,1.7416,37.81,497.6,1,63,69439.3,0.314
416.4,3.31,2.3415,9.67,217.0,19,132,59552.3,0.1993
526.6,3.15,7.6181,44.64,155.5,10,191,65392.4,0.6024
480.5,4.05,5.534,78.98,278.7,11,112,52860.1,0.4951
460.1,1.17,4.9455,72.01,415.9,2,131,73702.1,0.1292
357.5,3.6,4.7488,47.5,397.5,16,27,32391.3,0.6074
666.2,20.76,2.5034,9.08,277.8,10,23,27891.6,0.6283
167.4,1.57,5.8527,3.11,427.9,17,19,20780.7,0.5588
641.5,1.78,7.304,77.92,219.6,7,66,89804.5,0.2015
836.4,14.46,0.1035,52.49,51.5,13,96,47385.5,0.3701
596.4,20.37,4.7531,83.89,47.0,16,148,39452.5,0.0453
699.0,0.07,6.7438,31.12,26.2,13,136,81509.2,0.113
399.1,28.02,4.0585,12.67,16.1,8,144,34913.6,0.6879
576.9,6.57,1.4655,47.31,151.8,19,61,51550.4,0.0642
480.2,0.14,1.2658,84.36,118.9,11,125,96644.1,0.9053
327.5,0.22,7.6646,39.74,379.7,13,2,19406.3,0.8296
685.3,0.57,0.9608,5.85,318.1,2,53,18541.1,0.8223
812.6,9.87,0.4325,21.4,145.5,0,29,68539.6,0.0216
126.4,0.0,0.7954,48.17,7.6,6,139,99554.5,0.4054
365.1,5.86,3.6932,42.31,467.6,8,156,9780.1,0.1156
624.9,25.32,1.0638,15.06,198.5,7,85,55926.0,0.087
607.6,5.82,6.1522,30.72,202.5,10,46,8025.6,0.2508
738.5,5.08,3.9823,74.56,201.3,0,1,89819.2,0.1373
403.2,2.34,0.408,11.5,471.2,1,34,63993.3,0.1359
369.3,15.68,3.804,67.73,248.8,3,162,64302.4,0.182
387.7,3.51,0.8678,28.96,35.4,12,139,41552.6,0.7644
553.1,0.08,1.4713,49.69,95.9,4,15,21773.6,0.6384
796.0,1.92,4.557,82.16,67.0,2,92,9902.4,0.4883
402.1,7.24,6.0486,5.74,232.3,20,169,20556.7,0.5934
707.0,5.9,1.473,10.88,221.8,10,138,85550.8,0.8459
687.8,2.64,5.6088,29.3,278.5,15,47,10464.9,0.0671
237.0,14.55,2.3443,38.84,141.1,20,112,52616.4,0.9357
569.9,23.0,6.4035,95.39,447.0,6,57,71942.5,0.2113
539.3,11.82,5.681,57.05,88.9,0,138,45934.7,0.9372
661.5,17.91,5.8908,60.89,376.3,5,133,62491.0,0.1101
442.5,1.25,5.259,72.32,318.2,5,123,26030.8,0.5428
436.5,24.74,5.9021,27.89,295.6,9,28,3702.4,0.0522
655.7,0.48,4.5506,41.1,47.1,15,22,33872.5,0.6592
63.4,5.69,5.5287,16.38,347.3,12,40,4937.1,0.532
666.2,4.21,7.271,12.03,225.6,3,27,7487.5,0.919
773.6,16.58,0.1447,94.23,259.0,7,16,97305.1,0.3059
261.2,2.63,4.5614,16.63,182.2,12,67,46510.1,0.7033
480.8,2.4,6.1311,95.38,216.6,8,96,50289.5,0.0469
720.7,1.38,6.2196,79.95,365.3,13,171,55276.3,0.7314
306.2,4.96,1.1949,0.56,261.3,19,26,52278.1,0.649
602.7,2.69,5.0432,12.84,270.8,17,73,31003.8,0.3892
376.2,7.12,7.7688,72.02,391.9,3,116,52636.7,0.5949
667.1,8.77,7.8511,17.7,493.1,11,4,47990.0,0.6153
361.2,11.41,2.3012,38.91,144.7,13,21,32511.3,0.2113
340.1,29.6,0.6472,79.42,154.4,17,193,45849.6,0.1548
657.1,3.92,1.5546,64.34,71.9,4,161,91236.3,0.9654
587.4,32.92,1.6133,7.3,143.4,8,139,84544.4,0.5066
474.3,2.54,5.7825,95.69,98.5,18,181,86062.7,0.4205
398.4,2.55,7.6708,87.67,128.9,13,99,21920.4,0.8302
453.6,7.32,1.8331,27.58,95.1,10,32,10941.4,0.1968
970.1,4.57,2.3713,11.94,290.3,12,64,1605.8,0.6943
391.0,0.81,4.8434,83.92,356.0,1,51,72132.9,0.8666
269.9,3.53,6.517,9.61,274.4,14,50,95519.9,0.3935
90.2,19.23,6.549,17.38,90.7,16,64,62725.7,0.313
686.4,19.05,6.672,20.57,410.1,19,28,51302.8,0.8335
615.5,5.5,2.2824,63.26,32.0,18,37,79997.9,0.374
507.2,3.81,0.8514,17.61,429.9,5,116,94010.0,0.9871
445.1,13.41,0.3802,74.01,79.6,11,189,21222.1,0.9822
249.5,1.75,6.5925,99.76,111.4,15,35,17537.6,0.0106
101.4,11.04,4.2567,5.35,67.6,6,15,44091.8,0.5133
596.5,9.99,6.8836,84.3,198.1,1,66,38494.2,0.8621
594.0,10.71,0.8931,91.01,264.1,17,155,55726.4,0.4001
409.8,1.53,0.0945,48.65,181.2,0,18,11287.1,0.6492
656.1,7.8,7.1347,70.76,272.4,14,131,91179.9,0.3563
787.6,8.95,0.6251,9.16,224.9,7,6,29716.0,0.7906
276.6,11.46,1.4155,60.67,333.7,15,26,39954.0,0.922
69.0,17.75,1.4148,65.83,34.1,15,187,32580.0,0.7727
284.6,9.83,2.3726,76.54,193.1,8,13,86110.0,0.2318
131.8,2.58,6.3919,62.63,50.9,6,10,20810.4,0.5813
415.1,1.53,2.1637,99.35,329.5,6,129,16275.4,0.2806
384.8,3.55,4.2778,31.29,245.4,11,159,302.3,0.3485
438.2,18.9,7.8757,16.96,475.1,17,122,70274.7,0.3161
144.4,9.06,0.299,67.08,415.9,13,89,69204.4,0.578
458.5,10.4,7.0742,36.04,58.7,2,168,83705.7,0.0526
357.5,21.73,1.7081,46.81,137.7,18,75,49040.3,0.0773
680.6,9.88,0.6677,73.41,193.6,19,31,44300.1,0.5174
711.8,8.4,4.9203,22.32,429.5,11,53,82586.5,0.3296
361.6,3.26,5.4261,2.58,197.5,2,152,6765.5,0.1646
360.0,5.46,0.4276,96.35,276.8,10,126,99324.7,0.7276
491.3,6.13,5.9511,77.55,359.6,19,4,6498.4,0.8482
640.1,26.19,4.3689,89.04,496.9,4,76,18596.7,0.0231
471.9,13.65,1.8541,61.53,351.6,6,53,55109.9,0.9018
355.9,22.88,1.8424,70.07,348.4,4,153,38646.9,0.0914
240.6,1.89,7.3241,85.03,212.5,2,174,16304.5,0.2753
503.1,0.91,5.3968,49.64,127.0,0,80,70235.6,0.9943
801.1,11.7,7.0381,65.59,215.2,8,111,40199.4,0.7124
623.7,5.16,1.4159,89.81,201.7,17,142,96695.4,0.9535
459.2,8.59,3.1049,29.19,277.8,14,124,14530.0,0.9371
655.5,11.84,4.4774,38.63,477.7,7,52,83916.4,0.7994
466.0,13.2,1.5193,70.37,348.6,19,110,87126.5,0.3396
478.6,12.38,7.0019,98.06,443.6,13,51,9974.3,0.2283
439.7,33.8,5.1544,75.71,75.2,9,38,49747.4,0.9901
634.6,9.44,7.5375,60.54,16.0,9,52,33510.7,0.1841
718.6,4.67,1.6974,64.41,307.9,14,64,75636.3,0.2612
484.0,12.59,7.5973,37.97,368.4,16,60,4137.2,0.232
246.6,17.41,5.3125,4.64,399.3,17,16,39710.2,0.0953
449.0,10.84,1.4031,10.96,410.7,10,59,17960.1,0.047
705.2,2.23,5.1496,49.28,215.8,2,135,32019.7,0.534
394.0,8.23,1.3532,1.2,77.9,18,75,28793.2,0.2868
239.0,31.51,6.6318,34.25,84.3,17,58,20361.6,0.0512
248.9,5.44,6.7873,21.32,217.5,17,108,69724.2,0.1054
450.2,11.22,7.7655,44.7,361.9,3,9,20860.5,0.618
449.2,2.07,6.5243,31.53,43.7,15,49,84362.9,0.6598
568.9,1.66,3.2143,64.74,477.3,18,111,82355.5,0.2592
562.3,0.71,7.1591,15.39,429.4,8,112,5389.2,0.9198
380.3,19.18,0.5945,21.36,129.1,9,34,35657.5,0.5791
377.8,12.35,2.2758,90.83,47.8,12,77,33948.5,0.1293
393.5,13.14,7.2122,18.24,288.6,18,65,68477.3,0.5693
163.7,10.76,0.3928,20.63,366.5,14,153,49740.3,0.464
451.5,0.5,4.215,4.91,125.4,14,178,60026.9,0.4029
776.7,13.81,0.3805,41.97,203.2,19,175,86165.1,0.6236
500.7,2.24,4.2509,38.49,230.2,1,197,25996.6,0.05
924.3,33.51,7.5214,54.91,407.2,7,95,3060.0,0.3729
716.8,11.83,4.6506,25.09,398.3,20,162,74729.8,0.6833
293.2,1.26,7.5192,63.97,369.6,20,29,8659.7,0.8023
502.1,10.01,7.81,99.5,91.5,12,98,56842.2,0.3037
427.8,7.95,3.4086,98.49,28.4,2,189,40208.8,0.5278
807.6,14.88,4.3894,7.16,406.9,0,102,45333.1,0.1983
350.4,7.65,6.1284,3.6,259.6,14,28,5131.8,0.8268
496.0,16.21,7.5714,71.26,218.9,15,54,30780.8,0.4637
460.4,4.31,0.7072,40.24,168.8,1,98,72884.5,0.2757
462.1,5.44,5.6896,79.27,137.7,17,6,29225.2,0.1159
864.5,6.05,2.6483,9.68,454.4,9,16,57744.1,0.7919
257.3,1.26,1.435,84.67,467.7,5,119,26028.4,0.3594
470.5,1.1,6.5807,2.44,316.5,11,83,85182.0,0.1787
596.0,7.1,7.1995,27.9,91.6,6,64,56582.5,0.0545
738.1,8.21,1.6888,41.2,114.9,7,179,64529.6,0.5413
841.1,14.02,7.3671,88.52,465.7,20,35,20739.6,0.3865
471.8,45.75,4.1774,94.44,56.9,5,129,63258.6,0.44
454.8,1.55,0.8978,95.14,473.3,17,55,14413.3,0.3394
380.5,13.29,6.2944,22.69,99.0,7,134,19445.3,0.3964
682.1,39.45,6.5236,96.97,31.5,0,1,5046.0,0.2347
358.9,25.7,5.3358,64.67,331.9,0,61,13721.3,0.2542
689.7,11.03,5.105,42.28,278.2,15,91,92724.1,0.4025
511.6,1.3,6.4535,67.43,437.8,18,198,25112.7,0.5701
390.4,30.83,2.8886,84.68,20.5,4,21,91903.9,0.7319
669.9,22.59,5.8581,9.49,208.5,18,72,36512.4,0.6782
625.3,1.72,6.1369,63.23,380.6,15,189,22246.8,0.9286
645.0,13.08,5.5129,31.61,133.9,5,128,91788.4,0.874
907.6,21.03,4.7407,23.1,488.3,13,1,90646.2,0.4241
557.7,18.47,7.5402,41.96,444.1,3,37,63444.2,0.027
402.0,3.41,2.0706,1.06,208.4,10,6,44302.8,0.779
521.4,6.29,3.9175,92.29,389.9,17,45,34561.9,0.5387
413.6,12.7,5.1206,89.86,70.4,0,4,98015.5,0.6316
30.0,14.24,5.2155,11.29,356.0,12,133,6917.3,0.2
405.8,5.99,0.4912,5.91,233.3,6,162,58428.2,0.7691
606.6,45.31,1.8583,89.74,85.4,8,107,37249.6,0.1222
369.7,1.0,1.6122,17.49,359.7,2,91,16697.8,0.4542
379.3,20.22,1.435,25.18,468.9,16,93,47050.4,0.0341
337.8,22.55,2.2397,12.29,461.2,11,24,66737.4,0.7918
727.1,14.21,7.4254,81.49,17.8,1,164,608.6,0.5941
590.2,5.09,3.2102,39.07,220.9,3,100,37418.0,0.2268
463.5,14.9,6.9742,47.66,370.4,11,162,78791.2,0.5434
456.7,1.48,6.7589,25.42,107.8,1,156,97288.4,0.4432
366.9,6.48,7.9361,97.26,113.7,15,11,51953.2,0.7721
97.4,11.84,1.6906,64.04,481.9,9,21,94029.8,0.2658
693.4,3.23,2.6963,75.05,134.6,5,51,35878.0,0.7106
360.3,1.34,7.3912,56.48,416.3,20,88,537.0,0.1516
547.2,0.52,5.0179,71.59,405.9,7,122,61236.5,0.5186
324.8,7.47,1.8323,25.93,231.6,4,30,83671.2,0.7618
620.8,8.56,7.0968,39.32,274.2,10,104,96971.0,0.6793
358.4,4.47,5.674,94.85,390.8,13,31,94640.4,0.8255
588.6,3.12,6.2963,27.34,30.3,20,177,12737.6,0.7614
319.4,9.4,4.8406,46.26,302.7,0,107,58266.3,0.633
436.7,1.73,1.3875,19.71,230.6,6,17,34307.1,0.821
731.4,5.12,4.0112,31.43,420.0,6,62,82082.2,0.9669
684.6,26.22,6.5788,49.25,364.5,11,120,44193.9,0.2252
718.9,10.12,3.9316,87.88,282.4,20,174,14255.7,0.9801
485.9,2.71,3.2209,68.02,142.1,1,66,15611.3,0.4348
733.7,6.81,0.359,38.98,103.7,6,17,8368.6,0.3071
630.2,14.3,4.6551,73.92,125.8,17,174,46583.7,0.7606
611.8,6.84,5.7681,44.07,252.9,0,115,64636.5,0.5185
419.3,3.97,4.8101,61.44,485.0,11,86,98980.7,0.9488
685.8,1.33,4.8423,73.03,53.0,14,67,80103.2,0.0545
590.2,44.51,1.2747,1.38,218.8,9,5,54889.2,0.5672
571.3,21.02,2.507,3.89,15.8,18,116,53013.4,0.1485
619.7,27.89,4.425,49.39,106.6,9,137,25904.8,0.7368
298.4,1.11,6.1644,51.51,402.9,6,131,38431.2,0.1903
720.3,6.73,5.201,78.69,12.5,8,188,66136.2,0.0275
539.1,26.86,6.7768,42.52,9.5,19,132,61943.3,0.0375
870.7,7.78,2.8944,41.16,200.6,20,147,48845.1,0.5147
509.7,0.03,3.7431,77.18,55.7,0,94,91010.1,0.6131
666.7,12.59,1.3655,35.71,82.1,20,144,87121.3,0.6971
463.5,35.6,1.6296,45.91,313.4,0,107,34403.1,0.1376
712.5,2.35,4.3235,66.62,141.6,7,104,25590.5,0.3169
591.0,8.12,2.8926,57.44,478.6,8,25,13737.3,0.3301
528.4,5.65,1.2201,10.64,371.8,17,182,26686.0,0.6604
430.0,20.02,1.4461,98.69,410.5,0,88,39858.8,0.8514
606.3,4.02,3.8157,86.15,258.0,13,200,91659.6,0.0031
472.4,0.06,1.003,96.13,211.3,12,105,81551.1,0.6896
466.0,0.24,0.8966,59.15,196.1,15,168,26659.5,0.2436
383.3,6.68,0.0437,25.2,342.7,2,69,50744.3,0.4126
187.4,7.1,1.47,62.55,228.7,19,128,88084.5,0.837
518.2,47.68,6.6649,46.81,356.2,2,6,15370.1,0.1016
610.4,9.66,5.0086,87.59,152.6,17,12,67034.1,0.0779
415.0,6.39,0.3693,21.07,340.2,9,166,724.4,0.6343
679.2,11.2,5.5472,33.11,117.9,16,85,51012.1,0.6183
761.4,19.82,2.6066,15.72,116.9,16,71,23964.4,0.7574
354.6,16.54,5.5293,82.57,491.6,7,130,10509.9,0.0942
227.6,4.64,1.5135,56.4,445.8,12,70,36414.7,0.9318
501.3,1.34,6.4103,64.9,391.8,17,104,18024.1,0.4464
272.4,0.68,2.0108,87.22,367.6,15,36,5487.0,0.3273
464.7,26.6,0.853,14.95,297.8,0,132,65551.2,0.0406
718.0,8.9,6.6358,44.8,128.7,19,123,11242.6,0.8762
690.4,4.0,6.7346,85.79,466.3,16,108,19643.9,0.5358
303.1,0.26,3.3012,77.38,464.5,7,41,96826.7,0.129
659.1,18.93,2.6748,5.76,417.4,15,23,83586.1,0.4649
439.0,28.39,0.0116,32.51,230.1,13,2,93256.0,0.3793
479.3,30.3,5.066,89.06,257.4,7,146,32092.8,0.3457
683.9,9.4,7.6352,3.41,322.7,13,126,21356.5,0.525
303.8,2.55,0.5835,2.46,50.6,10,39,19896.7,0.5933
567.0,1.2,0.028,50.83,60.4,0,180,56019.4,0.0525
347.2,11.52,4.448,4.25,77.7,20,76,20680.7,0.9152
623.5,18.92,0.202,50.63,84.3,2,100,63457.6,0.6619
417.4,7.9,6.2848,52.33,10.7,18,98,88166.3,0.9107
354.3,3.42,0.8706,56.58,300.7,11,92,18041.2,0.052
376.7,2.78,5.7397,20.95,347.4,13,2,64116.6,0.0943
599.6,22.0,1.2497,40.98,200.8,17,185,79928.9,0.958
507.0,28.24,4.748,46.58,22.0,3,172,47642.8,0.0546
502.7,13.1,2.6997,1.0,16.8,8,165,1012.8,0.5921
543.4,6.02,2.2907,35.29,220.1,7,176,81002.6,0.4958
536.9,16.08,1.705,6.55,18.2,0,128,49704.3,0.2507
515.8,3.39,7.2207,49.48,57.9,0,8,86881.6,0.3828
430.9,1.5,3.3963,83.0,230.2,19,87,27789.1,0.3385
214.8,2.36,5.8884,60.77,402.6,11,167,19759.3,0.0975
343.1,7.6,5.0163,36.46,165.8,20,196,39651.4,0.9602
713.4,10.7,1.788,57.86,2.4,5,181,25027.9,0.7037
783.9,21.16,5.155,50.25,74.0,7,91,14714.4,0.3356
522.0,0.73,7.0994,18.87,187.4,1,133,27734.5,0.1945
480.9,3.86,7.8939,99.4,460.4,17,99,20646.8,0.4411
530.9,2.74,4.7649,79.36,454.7,18,144,98665.2,0.8009
360.0,5.46,2.5943,4.12,297.8,14,140,4397.3,0.951
637.1,3.86,1.4449,28.77,256.0,13,195,77303.8,0.7492
423.1,5.1,7.4559,60.89,7.2,14,61,3485.4,0.7032
909.2,2.94,4.2726,73.83,253.1,1,140,45554.9,0.2478
657.2,0.66,2.7191,25.23,236.1,17,103,27911.2,0.3021
414.5,1.52,2.8993,64.82,2.8,0,61,59254.8,0.183
469.7,4.56,2.7657,87.84,92.2,11,123,56953.1,0.1765
793.0,8.16,1.7736,85.51,353.0,8,189,69534.4,0.1135
342.2,0.42,0.9751,80.98,128.6,2,191,13582.8,0.2918
664.2,0.75,3.9326,51.14,189.9,18,93,84512.1,0.7456
373.1,3.39,0.0751,68.49,93.3,11,197,74028.7,0.7596
573.5,7.24,0.8787,68.98,365.6,7,159,17063.6,0.8205
593.9,12.14,4.2297,69.68,199.7,7,78,72829.6,0.1602
496.4,7.04,4.2007,19.18,414.7,10,50,3029.4,0.5935
493.5,24.91,4.6918,60.09,88.0,1,40,55270.0,0.7509
578.6,21.53,3.9078,1.76,432.7,17,172,25683.5,0.7373
700.4,8.95,6.1775,36.8,484.9,10,108,79829.9,0.9412
168.8,19.31,3.1646,62.58,314.3,3,106,64342.9,0.1464
491.8,8.13,7.1294,19.86,21.8,10,64,61512.5,0.1697
753.3,6.14,4.8425,56.22,179.4,9,79,22561.2,0.0149
531.1,29.27,6.6397,93.88,153.0,2,56,43067.8,0.9551
652.2,2.49,0.5922,85.46,323.4,9,87,35318.5,0.2667
606.1,9.13,3.9765,54.22,356.2,14,67,42737.3,0.6164
362.9,7.25,4.6826,23.58,265.6,10,63,24187.3,0.4914
518.4,27.88,5.2653,5.2,81.8,8,90,79114.2,0.7533
622.1,2.23,3.5512,24.2,448.1,12,119,36561.6,0.8402
601.4,12.38,4.5708,88.8,324.0,10,136,7058.7,0.1129
254.9,7.04,6.1544,73.53,394.2,8,192,68399.7,0.1953
523.1,14.56,2.5626,9.34,354.9,7,120,10185.2,0.2105
699.4,1.87,7.2344,46.09,235.5,20,187,48248.5,0.415
317.0,4.18,6.2054,50.15,158.3,14,156,12791.6,0.8209
643.8,3.55,2.3744,64.72,174.9,17,97,90817.0,0.0379
349.3,4.09,1.3048,6.3,294.8,16,68,45074.3,0.0623
561.5,34.33,2.009,19.88,199.9,11,37,91737.6,0.4499
343.0,2.3,3.1562,94.87,321.4,19,1,60301.4,0.3594
723.2,5.73,0.653,5.16,27.9,0,2,35009.3,0.4779
454.0,14.3,4.256,87.89,137.9,17,54,99157.6,0.4094
592.7,0.39,7.1482,42.83,362.8,5,29,63479.2,0.9601
720.2,6.38,2.7096,50.45,72.6,7,75,84565.6,0.7643
472.9,23.6,0.6179,28.57,61.6,3,94,92880.7,0.1717
243.4,40.23,4.1023,65.74,395.9,20,63,98215.5,0.4718
286.0,1.35,1.112,19.11,398.9,11,86,93329.8,0.4039
324.3,7.46,2.8211,2.56,133.2,8,173,47209.9,0.7064
414.2,22.31,2.9244,21.33,379.7,19,73,4065.8,0.0921
760.8,16.5,7.354,63.11,250.4,10,116,37776.1,0.3112
386.9,0.65,2.6323,70.71,260.0,3,7,91852.7,0.9684
308.9,28.86,3.825,2.67,37.5,2,15,45043.7,0.3525
620.6,51.33,0.7511,65.32,37.7,19,172,85410.9,0.6118
280.9,7.38,1.5553,84.84,465.7,3,151,99287.9,0.4714
496.5,15.8,5.3403,44.17,315.6,10,136,46728.5,0.2513
759.4,18.5,2.4843,17.38,36.8,14,26,39532.6,0.5494
674.0,4.73,7.7318,53.5,7.9,11,63,59285.2,0.4963
366.5,21.13,7.0012,67.37,188.2,2,158,3363.3,0.9644
482.8,2.76,0.9926,24.4,432.9,1,198,14152.2,0.072
174.4,21.47,7.8858,35.59,150.2,2,49,75327.5,0.8087
734.7,2.96,2.254,2.59,168.6,3,19,42675.7,0.1005
644.4,27.08,3.043,55.19,455.7,6,74,44928.9,0.8103
320.8,3.25,2.0872,20.52,222.1,12,157,52042.1,0.4639
-136.9,1.02,5.3599,87.92,337.0,16,39,18842.1,0.7091
449.3,1.14,4.3661,47.59,309.8,10,97,21148.4,0.2313
634.2,3.86,2.5293,61.54,158.3,0,129,51903.5,0.6151
621.7,0.18,2.5805,80.18,490.0,12,140,37534.2,0.1303
209.5,10.75,4.6338,10.26,417.2,19,47,31625.0,0.5861
250.6,1.86,0.7495,0.5,57.3,11,80,70486.7,0.7372
145.0,29.76,3.857,36.64,162.3,19,137,22017.7,0.7428
283.7,0.26,7.0702,65.66,335.3,20,104,63449.6,0.9496
543.7,4.01,1.5473,73.0,151.6,0,164,49414.2,0.5727
457.0,6.76,1.9133,54.48,235.4,12,55,83821.8,0.4409
743.5,6.93,2.9812,10.25,374.8,16,43,14612.5,0.1263
205.8,13.22,6.5237,72.42,404.7,3,131,59915.2,0.5525
326.0,10.56,7.0934,21.65,91.4,3,200,72409.3,0.1464
675.2,7.55,5.2588,14.8,200.1,9,114,27623.1,0.1394
241.4,4.28,5.6924,80.91,79.0,9,194,34231.7,0.689
502.6,2.37,7.7797,31.28,367.4,4,157,31914.0,0.5921
483.4,2.28,4.473,46.22,160.3,16,151,37416.1,0.3651
623.4,0.9,5.4762,44.96,28.4,19,23,44626.3,0.1978
476.6,30.23,1.1176,29.49,166.2,8,160,80292.4,0.9967
378.1,10.76,2.1448,76.52,371.9,10,27,85443.9,0.9151
726.6,35.46,2.7586,33.28,15.5,20,149,76444.7,0.6352
726.3,16.29,5.039,61.62,449.9,20,16,2280.0,0.8357
243.4,2.55,2.6803,9.23,144.1,12,41,29542.7,0.6001
453.0,8.69,0.2271,93.56,322.1,3,110,75722.9,0.4636
712.2,64.98,0.6594,27.23,30.2,12,151,5750.0,0.1493
696.3,0.02,4.0964,29.61,377.2,2,56,23641.3,0.3213
605.8,7.28,4.0175,10.49,496.0,14,145,47523.1,0.7218
157.2,14.93,7.0812,69.73,187.9,19,42,81114.7,0.2729
740.6,3.74,5.492,85.63,71.8,18,150,62883.6,0.2147
494.7,30.61,4.7556,7.74,211.6,4,1,18674.0,0.1913
149.3,29.86,4.4244,75.48,406.8,16,83,39950.3,0.5088
493.4,14.13,7.0753,27.06,407.7,10,69,77776.1,0.3482
242.3,3.57,6.7706,14.19,342.7,9,3,39260.1,0.9011
475.1,7.65,3.0554,12.65,101.8,3,53,14142.6,0.9018
387.8,16.61,3.4502,75.52,89.3,18,4,85443.4,0.9397
365.2,0.27,3.5994,28.45,185.6,7,50,97617.8,0.0269
498.6,15.01,0.3486,23.01,207.9,8,42,16615.1,0.3962
231.7,68.38,1.0567,62.11,226.2,19,29,40126.8,0.5961
502.2,5.1,2.5954,54.8,388.7,13,139,83218.8,0.6195
520.6,11.94,2.2957,0.75,264.6,11,174,25057.1,0.016
588.9,20.04,2.6323,79.92,241.2,3,120,13779.0,0.635
614.0,10.87,3.8569,45.35,189.9,12,11,17359.3,0.8763
515.8,31.03,2.1272,45.34,128.6,1,171,26385.1,0.4829
712.1,6.65,4.2874,0.2,182.2,12,81,16506.9,0.1818
372.4,8.51,7.5514,51.88,141.5,7,116,9048.0,0.7193
443.7,2.29,2.3938,13.63,293.5,19,18,12513.6,0.4943
576.0,12.14,3.1309,0.88,337.3,10,183,45636.6,0.5883
708.1,12.58,0.7302,6.65,160.5,14,14,77231.8,0.4733
358.6,4.97,7.6353,97.74,408.5,8,182,63390.2,0.5347
122.2,16.79,4.7082,22.51,273.7,1,23,35636.7,0.7209
449.8,6.55,3.6604,94.77,358.8,7,103,83797.7,0.2207
491.8,24.34,4.1767,92.19,61.9,14,17,71046.8,0.4066
564.0,6.32,5.582,2.11,19.4,19,173,7018.3,0.2113
717.0,27.93,7.9904,79.96,356.8,3,114,91215.3,0.4462
877.6,4.69,3.5009,32.55,406.2,17,73,23260.4,0.1228
552.5,17.57,2.3503,32.05,417.8,15,6,76945.5,0.0585
193.9,4.61,6.4009,64.16,98.4,5,127,5946.2,0.814
171.2,9.75,1.9808,69.32,448.2,3,17,71471.0,0.7856
483.6,2.36,1.5019,59.99,262.4,14,67,58852.6,0.3051
579.1,15.07,3.8527,60.92,188.5,18,102,44989.3,0.17
613.5,4.62,0.3871,89.04,105.2,10,109,53000.0,0.5622
440.1,2.46,2.5709,35.64,498.8,14,172,64157.7,0.4891
641.5,4.73,7.3802,3.08,485.0,16,154,16346.9,0.7169
769.7,16.09,3.8427,35.12,210.1,7,86,41873.1,0.4499
614.6,8.96,6.5935,87.66,75.9,2,140,79720.2,0.1741
30.0,15.96,0.1124,49.06,436.2,0,77,11605.2,0.4701
390.7,7.1,2.9563,2.81,375.4,19,96,18932.5,0.2862
432.1,29.6,1.4782,70.23,364.5,7,183,52731.4,0.8888
168.8,10.84,5.4559,28.55,455.6,5,22,60961.8,0.5483
207.4,2.61,3.0333,63.82,473.3,4,140,618.3,0.7778
47.9,3.03,5.9864,57.39,451.4,10,115,92512.9,0.3384
879.8,0.31,2.6734,21.64,281.8,17,143,81763.6,0.5368
738.5,9.2,7.4861,2.45,29.7,10,73,51221.4,0.479
922.7,2.92,4.2468,6.69,441.3,12,130,41521.8,0.0483
476.0,21.62,5.4846,44.3,250.2,14,67,61441.6,0.0269
435.7,18.96,3.4162,98.64,479.7,4,171,79716.3,0.0384
404.5,2.67,6.6235,58.19,36.2,3,3,80426.2,0.3764
57.8,5.24,5.7292,85.7,44.9,3,168,56102.0,0.5272
336.6,40.37,3.9874,57.7,272.1,17,3,16229.5,0.2624
630.0,5.86,3.511,65.41,136.3,11,113,95649.5,0.7726
718.1,33.25,0.6885,93.48,205.2,17,124,43675.4,0.9472
276.8,3.77,5.4601,21.7,128.6,17,129,79831.7,0.3086
425.5,0.56,5.0839,70.07,129.9,12,175,10478.5,0.4519
555.6,0.91,0.4869,53.78,407.9,20,51,90261.5,0.9805
267.4,9.17,3.9772,11.0,337.2,13,56,22459.6,0.9493
921.2,15.93,1.8013,25.52,392.6,17,23,42887.6,0.789
11.3,3.2,1.8178,68.31,243.5,9,134,60267.8,0.4869
617.8,10.45,6.6005,51.19,139.9,5,7,67294.6,0.3137
502.2,6.51,6.3359,10.48,492.9,12,129,65407.7,0.6877
302.6,8.15,7.7957,33.33,90.7,18,186,15447.7,0.5688
598.3,4.58,0.4211,36.1,441.0,0,123,19812.0,0.1214
638.0,2.0,1.5173,77.62,18.7,10,101,3927.3,0.9776
313.9,6.69,4.5332,86.78,116.4,20,106,42989.7,0.7266
471.0,0.24,3.099,33.7,293.1,0,49,50246.4,0.7742
530.6,15.47,1.0947,51.41,261.8,0,71,3166.9,0.2731
759.9,6.56,7.6749,27.25,402.0,14,129,33148.7,0.3352
764.1,24.84,5.797,17.79,360.7,6,199,98719.3,0.0463
300.6,13.51,4.1608,9.66,192.2,17,76,45106.7,0.8134
477.2,25.28,0.7488,97.42,80.4,18,127,47024.6,0.9158
540.6,1.57,2.0645,17.07,410.0,6,16,40561.0,0.2316
401.2,10.35,4.9776,31.83,288.0,9,163,35880.0,0.8698
415.7,1.25,2.5415,64.18,81.5,4,197,48668.5,0.136
656.8,7.07,5.623,88.68,407.9,9,29,36663.7,0.7875
468.2,14.95,1.0798,18.45,147.9,15,9,61775.4,0.9664
450.9,5.33,6.1589,68.93,303.9,17,146,85174.4,0.4113
470.8,12.14,6.9846,79.54,35.5,20,53,66869.5,0.3701
562.9,1.75,6.9616,63.11,81.6,8,77,43034.7,0.7892
475.6,0.45,1.7834,83.76,56.9,15,120,78173.5,0.1677
298.8,13.69,1.0708,14.47,168.0,6,87,96624.3,0.3125
603.2,13.36,7.8021,13.12,268.1,10,2,21936.6,0.8154
687.7,1.31,0.2833,87.78,225.1,4,143,78956.4,0.2105
466.3,6.61,5.258,10.57,193.5,20,19,96150.8,0.6385
292.0,1.2,5.4808,93.13,85.6,15,64,49384.4,0.0014
756.4,12.17,5.9142,95.75,210.3,19,73,75975.6,0.5825
298.9,8.14,3.2583,13.07,343.7,1,121,46643.5,0.9373
618.1,12.95,2.2562,71.34,290.4,18,138,12910.3,0.2123
369.4,12.98,3.8274,39.86,172.1,0,79,7953.5,0.4439
494.0,19.74,2.0056,19.43,68.6,2,43,66067.6,0.305
560.6,13.54,4.1287,7.36,238.4,19,60,57856.7,0.5075
905.9,6.8,3.5764,0.09,425.1,13,47,12591.3,0.1792
360.5,14.94,2.6887,55.06,207.4,16,73,40632.5,0.0838
322.9,21.26,6.5608,32.26,381.9,12,150,23130.2,0.3896
532.8,6.01,6.6142,14.55,477.5,3,121,93008.1,0.0881
408.3,0.79,2.8807,51.55,229.5,1,62,93000.5,0.7364
124.7,3.12,6.1062,39.11,260.4,8,131,666.2,0.7787
619.0,6.61,4.1477,66.2,166.4,18,96,84327.0,0.2465
640.4,2.69,1.4589,76.92,3.2,1,67,97145.3,0.6407
500.9,39.48,4.286,32.98,10.0,6,164,11178.0,0.6586
211.1,1.86,5.0727,17.25,365.0,18,129,54007.8,0.5157
359.2,0.64,6.8824,39.31,180.4,1,73,14997.4,0.9867
261.0,33.14,6.49,49.38,0.9,10,25,37703.9,0.6514
451.6,9.93,4.2764,22.62,425.2,7,149,77684.9,0.0657
593.5,5.34,1.6009,45.66,392.9,10,61,32318.6,0.9315
621.9,41.59,3.0788,93.61,472.2,8,45,27781.3,0.8853
581.1,1.22,2.8309,86.78,201.9,9,188,83365.6,0.8324
255.9,3.6,3.4545,1.98,313.8,9,75,74802.2,0.0874
663.6,6.83,5.081,0.86,460.8,3,148,87036.2,0.0124
608.9,33.88,7.806,48.12,440.0,7,163,86211.0,0.9148
540.2,1.17,3.8384,63.95,391.2,9,57,8462.9,0.2571
870.6,29.44,1.6016,57.2,409.0,17,26,95825.1,0.9681
521.1,2.62,5.6784,3.52,388.2,1,101,55358.8,0.8821
1265.7,13.21,7.7996,45.94,266.0,12,31,56238.8,0.7879
883.7,4.21,1.2246,45.24,334.8,14,65,4316.9,0.867
450.3,10.72,4.4551,27.57,120.1,0,127,63935.5,0.1713
350.3,15.62,6.3915,92.36,344.5,16,16,14666.9,0.4191
463.6,19.52,2.0956,95.02,361.5,2,149,45237.7,0.8111
769.7,0.93,7.5409,83.19,491.4,5,98,53199.4,0.243
484.6,5.99,0.9752,48.17,255.5,1,110,62900.4,0.1762
856.5,2.61,3.3739,36.85,156.6,11,109,98974.6,0.6598
506.3,3.97,6.6598,21.3,69.8,15,73,66325.7,0.7594
479.7,3.83,7.4459,40.08,439.2,7,68,11945.2,0.1025
244.4,19.71,2.7447,48.98,177.8,20,119,65544.0,0.4564
970.8,14.06,0.7643,84.78,132.4,10,133,18957.0,0.2566
548.5,2.25,4.3821,56.83,199.2,17,55,91724.1,0.0681
760.4,1.69,6.9379,73.65,264.3,8,127,13931.2,0.1304
475.7,8.62,6.0398,62.86,106.7,4,149,39095.8,0.4921
214.6,26.37,2.4964,72.34,70.1,10,149,99568.9,0.3154
483.5,7.1,6.2536,42.19,249.1,17,37,50990.6,0.1497
395.1,16.23,7.8221,72.99,392.6,9,8,35438.0,0.4064
1140.4,8.13,2.0454,75.63,365.3,20,116,50461.9,0.2321
672.2,11.68,0.4086,81.92,215.0,13,56,27840.8,0.8066
203.9,2.57,2.4445,80.18,12.3,2,118,24332.8,0.547
335.8,3.48,4.5509,73.76,151.3,12,104,69827.5,0.568
72.4,17.72,6.3811,27.1,398.1,10,105,50015.7,0.3645
504.5,9.78,2.9578,29.85,339.1,1,85,78531.7,0.627
279.6,1.86,3.5106,61.76,490.2,11,27,54345.7,0.4251
482.5,17.81,5.7145,88.45,369.3,18,114,25111.3,0.1015
866.5,19.01,2.6078,20.55,211.7,10,103,67421.2,0.9828
348.3,0.94,1.5029,83.72,31.7,13,91,660.8,0.5627
540.9,2.91,5.2433,30.5,259.9,9,93,8764.6,0.2467
477.2,11.12,0.5796,50.43,449.1,12,174,75992.1,0.1121
573.2,0.72,4.5655,54.15,246.6,20,91,24583.4,0.4477
225.9,6.79,7.5596,35.6,491.0,16,126,29069.8,0.7502
257.8,17.1,0.8712,48.05,473.7,2,17,88922.1,0.7025
515.0,8.95,5.8671,7.38,193.0,6,174,78447.8,0.891
556.1,2.04,6.7707,86.21,435.0,14,127,37320.2,0.4226
574.1,4.87,5.1226,51.0,344.6,17,143,95176.0,0.1793
203.1,7.54,7.1954,80.71,275.4,5,28,2275.2,0.3561
240.4,11.69,0.4486,56.66,81.7,17,45,22560.6,0.0082
396.5,0.86,3.7152,29.43,402.9,9,129,25113.5,0.9268
476.7,5.14,2.3254,31.95,205.7,17,135,16322.4,0.1375
298.4,12.62,5.8239,86.23,288.7,8,154,2763.4,0.8299
402.6,4.28,6.2063,94.73,126.0,8,8,76612.0,0.4114
589.5,3.42,3.4896,97.05,44.7,4,7,42111.0,0.3462
684.8,2.18,5.8695,44.98,140.4,11,75,79500.6,0.5152
345.1,4.77,4.0829,2.16,133.9,5,195,26431.0,0.3249
486.8,5.26,5.2937,16.14,469.7,8,38,11558.8,0.6491
437.2,7.63,7.8234,88.12,480.6,17,64,21660.0,0.2007
912.7,0.85,7.772,90.19,218.8,19,12,63182.9,0.9749
401.0,6.19,5.19,89.22,450.7,17,176,5202.1,0.5003
513.2,31.09,0.078,31.67,396.5,10,83,53810.7,0.4913
733.4,0.3,3.0848,16.69,298.3,14,79,29213.0,0.9685
557.2,10.33,0.1775,37.43,34.7,6,195,56186.4,0.3264
305.0,26.52,2.4604,12.87,38.2,5,13,82549.5,0.4907
336.0,7.6,1.6682,16.03,427.5,2,18,95312.4,0.0023
313.2,0.23,7.507,11.81,135.4,14,65,89749.1,0.2127
712.1,22.3,2.0779,9.4,103.6,10,149,36633.5,0.7678
483.2,2.31,6.672,22.8,444.0,10,169,41310.4,0.6305
134.1,0.3,6.7622,86.81,37.3,0,164,41191.0,0.5055
985.9,7.36,1.5773,74.65,429.7,10,129,70963.2,0.7944
951.3,33.76,5.2278,84.44,4.3,15,163,67613.7,0.7077
667.1,30.99,4.4747,67.85,95.6,8,169,17595.4,0.8785
381.5,6.6,3.3375,38.36,229.2,3,187,84210.3,0.1522
392.2,0.55,5.6235,0.15,468.0,18,118,24444.0,0.8055
438.7,4.09,2.742,71.14,275.8,1,126,63456.3,0.8312
550.9,30.24,4.7906,95.71,297.8,3,19,49539.3,0.9569
789.5,6.76,4.1551,80.58,104.6,18,13,48202.2,0.102
675.2,11.79,0.1206,27.19,159.1,2,101,82059.4,0.4738
442.4,10.06,3.1618,98.77,145.1,8,111,2799.1,0.1161
398.0,8.96,4.8459,53.29,100.0,3,83,48461.5,0.6997
543.5,11.84,0.66,88.95,389.9,7,45,37845.0,0.6361
800.4,5.86,5.226,96.81,272.1,16,81,42504.4,0.1093
576.9,1.92,0.8452,94.71,135.8,19,127,6227.8,0.8456
528.6,0.74,1.694,91.0,98.0,11,152,63260.4,0.7552
530.2,7.62,3.6783,25.73,41.4,14,120,46240.1,0.4391
345.3,0.39,2.7259,90.13,199.7,2,123,63635.1,0.3175
566.4,7.13,4.8346,43.52,16.0,0,102,15331.0,0.3432
538.7,1.2,3.0498,2.28,368.3,4,72,16103.4,0.6317
480.2,8.61,0.9734,90.65,397.8,1,61,91748.7,0.136
340.5,20.01,7.7993,21.23,400.8,2,24,26406.5,0.5868
472.8,1.25,3.8528,75.0,300.6,12,192,37002.0,0.9507
434.6,4.06,1.0252,88.26,30.3,10,175,74881.4,0.9856
428.6,4.51,6.6032,2.09,241.5,13,155,63231.6,0.0127
834.6,1.95,7.7175,50.13,91.5,11,90,21442.7,0.0372
826.5,11.56,2.6593,75.1,438.7,15,141,19617.7,0.2522
358.5,4.23,5.6008,40.91,118.3,15,173,97893.0,0.5983
262.4,0.45,3.4195,65.84,284.1,2,149,23012.6,0.7368
872.2,35.51,7.8577,94.53,155.1,8,193,50861.9,0.9576
613.4,25.92,5.9445,35.45,209.8,19,18,83079.2,0.6574
538.3,11.29,2.4051,44.02,294.7,12,101,25778.9,0.8673
416.4,6.76,1.834,58.68,431.7,18,96,8817.4,0.0409
373.3,12.77,6.9159,27.03,256.8,15,74,70347.9,0.267
456.6,1.45,3.8326,2.43,346.6,14,142,57867.1,0.337
532.5,28.27,4.3575,4.09,196.2,12,59,67626.3,0.2433
305.8,8.36,4.3959,28.96,425.9,13,84,43918.8,0.9283
538.5,10.12,0.4635,51.16,20.5,9,38,24973.0,0.7277
320.7,0.01,5.9768,92.96,410.3,0,43,21896.7,0.3293
596.1,5.41,5.2369,26.14,254.8,6,31,26871.3,0.9956
453.4,14.68,3.9379,18.44,133.9,1,143,63670.3,0.2301
796.7,5.62,4.1842,39.39,262.1,16,31,89959.4,0.3528
573.1,7.3,4.7039,13.5,294.8,14,53,23316.4,0.1209
480.2,10.44,4.7078,96.94,24.7,12,113,18607.0,0.2392
447.3,7.14,3.2783,38.46,81.2,20,71,93431.7,0.8112
821.8,3.32,7.5711,38.37,116.1,0,159,62155.1,0.0898
823.5,4.61,6.4302,9.08,209.0,5,178,15937.2,0.9026
505.9,4.12,4.6521,8.45,254.0,20,81,12282.3,0.9728
458.7,25.1,4.6574,86.79,32.0,10,27,90215.2,0.8815
291.8,1.8,4.3516,79.75,345.5,4,50,628.4,0.794
405.2,6.33,3.32,32.15,155.2,8,184,18867.2,0.8569
573.7,4.7,6.2147,3.93,194.7,12,30,87763.1,0.1594
633.6,9.97,2.2101,64.64,234.2,6,176,17706.5,0.0084
266.1,6.87,2.9975,45.89,275.9,16,123,66910.6,0.7597
571.3,1.58,2.4404,57.07,387.3,8,22,46813.8,0.8162
398.8,1.91,5.834,49.6,279.4,14,95,52631.8,0.3684
524.2,62.3,1.7641,3.2,121.3,8,200,88893.0,0.5361
624.8,3.06,1.9809,66.39,486.2,13,7,96170.6,0.5976
179.9,6.66,5.5783,66.71,121.6,3,2,21541.1,0.3896
806.8,14.94,5.7483,5.95,237.2,11,10,20874.9,0.6386
452.1,5.68,7.9665,40.43,268.8,17,74,90849.9,0.4485
544.2,2.04,7.8425,72.57,37.9,15,124,50962.4,0.028
582.2,2.13,6.5581,7.22,187.8,0,4,74667.5,0.5878
377.7,10.56,2.2826,53.55,190.8,4,78,10796.3,0.8734
570.6,14.43,2.3154,48.55,440.2,14,105,30901.4,0.3402
553.0,1.86,4.376,47.85,276.5,14,141,14183.2,0.4376
254.7,0.85,0.7316,59.08,290.0,19,26,39585.3,0.0337
392.4,7.79,5.4655,33.57,228.3,15,122,25893.5,0.6552
125.3,4.92,7.0429,89.72,209.5,7,32,63140.5,0.8276
578.0,2.65,5.6993,47.18,142.3,6,164,78727.2,0.5326
649.5,0.01,7.8956,72.94,343.2,10,98,8539.1,0.5166
856.5,9.36,0.4921,6.25,390.3,4,66,2108.4,0.7869
564.3,3.12,0.9565,60.85,189.3,8,168,24462.0,0.7961
121.3,0.58,0.6439,7.51,19.0,13,3,3401.9,0.4671
532.3,4.72,4.0322,23.37,395.0,16,31,6840.2,0.3366
325.2,14.26,3.5063,59.36,221.4,18,132,92001.0,0.2267
554.6,1.49,1.2714,25.02,61.7,6,75,41705.0,0.9917
254.0,26.68,6.5174,24.57,473.6,16,49,58799.5,0.9708
479.1,1.69,6.6308,39.7,375.1,16,85,48160.2,0.854
151.8,6.26,2.7928,19.06,229.9,11,14,40451.2,0.019
477.8,9.05,4.511,36.75,477.7,15,2,3426.2,0.2684
246.8,25.22,4.2046,99.67,329.4,4,32,92632.1,0.6036
261.9,0.66,3.7891,70.59,279.1,6,80,51309.8,0.0164
500.3,7.27,1.3157,82.09,107.8,10,89,69369.2,0.6899
547.1,4.63,7.0186,46.8,112.5,4,20,92865.4,0.878
714.5,1.19,2.9618,4.14,345.3,7,163,72556.6,0.9799
404.0,10.12,2.8473,15.92,310.8,2,56,91629.0,0.7625
666.9,7.01,3.7985,28.56,481.2,19,23,81844.2,0.1785
401.5,1.33,6.7445,66.84,428.1,5,53,35627.8,0.2638
435.8,18.6,4.513,66.66,442.9,16,126,59839.4,0.1496
311.7,2.11,3.6342,3.97,84.5,14,166,66775.6,0.5567
392.8,13.53,3.3669,1.61,304.5,15,165,47419.0,0.2575
399.4,1.69,0.0538,7.71,202.4,11,4,33330.0,0.6039
712.4,7.39,1.2286,35.6,286.9,11,86,20058.1,0.3034
614.0,23.71,6.8537,35.22,66.5,16,140,29758.8,0.0489
400.7,7.38,3.6607,84.42,423.2,3,35,60095.3,0.2686
310.3,8.51,4.5171,76.58,33.3,3,59,76053.9,0.9622
731.6,48.66,0.6672,70.68,41.7,14,173,21973.6,0.7237
598.6,1.21,1.4671,5.72,169.5,10,40,66727.3,0.8495
476.4,5.45,5.7262,26.21,207.1,14,92,72754.3,0.9021
275.1,8.34,0.128,41.23,312.0,16,42,29833.4,0.2749
396.8,7.13,7.3374,93.0,216.3,0,195,59007.3,0.0696
728.3,5.87,6.1996,55.84,2.5,15,189,45066.7,0.8424
226.4,5.41,6.6509,28.29,3.8,5,143,73914.4,0.656
439.3,7.8,2.61,85.52,297.8,10,188,82489.1,0.934
573.0,3.41,7.9121,18.04,274.2,2,52,57638.3,0.1078
346.0,2.57,6.0886,86.32,466.0,5,80,74444.2,0.9403
446.8,8.01,1.0512,87.41,446.2,9,100,23941.6,0.3159
795.3,8.74,3.2225,53.67,9.2,11,189,89447.4,0.6838
662.8,13.54,3.3093,32.01,400.4,2,114,19071.9,0.2322
363.5,16.39,1.4034,64.52,389.3,12,105,47140.6,0.9229
498.9,37.13,0.917,68.89,118.5,0,166,99610.4,0.4324
660.0,2.83,6.4381,66.09,60.7,2,30,44467.8,0.9626
585.6,7.65,5.6194,74.15,293.1,11,91,85389.9,0.7812
559.4,10.1,5.7298,45.31,168.3,5,17,54007.5,0.4345
546.5,6.19,6.2849,6.65,80.4,20,97,34647.7,0.9052
830.6,5.41,1.3543,85.78,172.1,2,172,49339.2,0.3892
372.2,19.04,4.4226,10.78,365.9,11,49,51311.2,0.3741
655.0,4.62,1.1446,88.33,174.8,14,78,39011.0,0.0227
260.8,0.06,6.5057,85.98,63.8,13,179,69307.7,0.154
634.5,2.6,1.6637,76.42,138.7,0,1,60550.4,0.2084
493.3,35.29,0.3693,80.55,491.0,16,24,91213.1,0.7817
812.3,0.09,6.2329,67.46,79.1,14,112,93652.7,0.4626
383.0,2.22,2.194,54.42,478.2,12,165,96208.5,0.6994
119.1,6.43,4.9621,38.8,349.5,2,84,79788.4,0.3367
976.8,1.44,2.9323,76.77,325.8,18,99,33552.2,0.1102
501.0,38.66,6.0221,51.95,14.2,20,143,55296.5,0.7088
756.5,15.77,4.8013,94.41,266.4,13,70,87034.9,0.301
709.6,9.22,1.0298,92.74,140.8,16,141,5116.3,0.3275
903.5,4.24,1.3041,63.94,265.4,17,180,92881.5,0.4973
523.6,9.19,5.2145,80.65,295.5,6,197,94754.7,0.387
588.8,15.25,5.5749,7.61,497.1,4,138,45561.6,0.6097
930.5,2.6,1.0636,21.0,52.6,4,109,6239.1,0.8073
383.9,7.62,5.7583,92.78,384.9,11,8,93599.5,0.2635
822.9,0.73,0.0551,84.76,393.2,2,79,648.4,0.5427
456.4,1.62,4.2528,51.91,71.9,14,63,94727.7,0.1145
680.4,7.03,4.4247,49.36,17.1,11,110,58505.0,0.7341
670.6,3.45,5.3107,82.57,392.3,17,188,22089.7,0.2772
434.3,7.04,5.1933,15.9,219.8,2,57,55477.2,0.6415
586.9,0.87,1.6167,62.97,272.9,3,123,27817.5,0.1279
537.5,4.35,3.2296,70.22,162.1,14,134,38349.1,0.9013
513.6,11.07,4.3014,70.11,161.0,6,6,8813.4,0.2317
183.1,13.3,4.6497,10.83,279.5,11,7,18198.0,0.1265
-3.9,7.57,4.393,17.28,323.3,19,196,8944.2,0.5821
250.2,8.84,4.1557,18.56,62.2,2,157,2340.1,0.9002
656.2,7.21,4.9356,13.8,402.7,16,109,40389.8,0.9877
591.0,6.18,5.5964,13.01,65.0,1,152,33855.7,0.2605
686.9,2.21,2.3367,97.98,443.5,17,179,41232.3,0.8803
570.4,0.38,6.5056,26.67,69.8,7,191,39183.5,0.0255
507.6,9.65,4.7438,51.44,196.2,14,180,98179.4,0.5307
747.2,10.86,5.9978,50.9,95.5,14,200,81073.2,0.4465
676.0,0.39,3.3748,42.61,279.9,7,110,36017.0,0.5294
501.7,5.3,3.9177,96.04,148.6,18,173,81388.1,0.8402
380.6,4.72,6.9641,66.85,291.0,8,112,41733.4,0.3728
-94.8,16.57,3.182,64.82,455.0,0,166,33849.4,0.6188
508.3,11.64,4.0544,99.49,451.1,15,132,65315.8,0.8145
283.3,6.83,4.2602,73.85,86.6,10,61,11134.2,0.1081
593.0,6.49,4.0587,46.59,318.7,6,39,8770.1,0.4178
295.8,3.07,2.0418,71.27,488.3,12,163,82942.5,0.6282
652.6,3.7,7.239,14.81,431.0,20,19,18183.9,0.3322
573.9,20.76,7.1013,85.06,340.2,19,154,46663.3,0.5466
401.2,14.96,7.3319,18.42,298.1,11,6,10932.6,0.7954
279.9,21.74,1.7472,51.66,117.2,9,177,34853.4,0.3094
538.5,3.97,1.4794,78.02,331.4,3,188,20451.5,0.0781
915.4,4.44,5.9375,71.37,271.5,14,22,29514.4,0.3609
587.1,8.97,0.5543,69.1,365.6,0,5,63829.2,0.685
444.1,3.75,0.4533,86.02,403.9,13,1,97825.9,0.5206
670.9,5.15,6.5772,84.52,460.4,14,16,15681.0,0.6298
666.1,9.23,6.2692,87.0,5.7,3,91,84030.0,0.396
618.3,3.01,0.1032,87.47,81.1,12,31,85145.0,0.268
345.2,26.03,4.8777,84.34,119.8,5,42,45382.5,0.5322
538.2,1.78,5.1263,65.31,445.5,9,18,91079.8,0.7161
180.0,13.43,7.3819,20.12,142.6,16,182,90726.3,0.6665
77.2,5.18,5.9553,90.95,27.1,10,182,12702.5,0.2874
289.5,6.65,7.8264,87.92,57.1,12,38,33952.4,0.4279
815.3,3.04,3.259,64.98,462.0,18,62,50218.9,0.3661
101.4,5.88,6.0808,36.08,429.5,11,92,18363.0,0.7865
397.9,19.63,3.847,66.69,45.9,15,28,8190.9,0.4643
229.5,8.41,2.2466,31.63,438.3,16,56,4028.2,0.76
886.6,6.17,3.9187,19.46,487.3,9,76,52400.3,0.0726
206.6,1.73,1.6783,51.7,481.0,9,29,34850.3,0.6535
512.2,15.69,3.6358,62.79,23.0,12,45,39216.4,0.6709
562.6,10.57,1.1502,46.56,490.5,19,71,10363.8,0.5787
319.1,8.62,6.4931,55.24,487.9,14,92,8479.5,0.0885
421.6,14.39,3.3018,24.66,213.1,0,113,47541.7,0.9121
430.5,9.28,3.8945,37.87,18.0,17,75,626.0,0.6378
366.6,1.88,6.7215,82.53,459.3,13,167,90118.5,0.8299
785.4,0.09,1.6712,90.13,419.6,13,162,41517.6,0.4363
292.1,0.16,3.6841,73.56,142.1,5,168,28338.4,0.7764
299.3,1.33,1.6162,37.73,431.5,9,69,93951.5,0.9095
891.2,32.87,7.1634,47.73,267.5,0,71,6554.6,0.9698
694.9,0.72,7.7289,96.44,18.1,16,69,75693.6,0.4178
537.0,0.41,2.2971,23.95,139.3,13,30,35941.9,0.3722
460.9,6.25,2.2635,37.32,499.8,13,154,4303.8,0.1297
695.8,25.95,3.8927,90.98,44.2,2,147,82152.2,0.0153
312.8,78.71,1.61,82.6,160.7,17,72,16539.2,0.802
647.0,4.14,7.2963,31.55,299.6,20,60,56282.3,0.1653
118.9,28.24,6.7576,77.58,342.1,4,10,3976.3,0.0846
599.1,0.24,3.2253,88.08,440.7,18,48,47853.7,0.4649
603.1,11.98,6.2429,94.05,484.4,16,124,41854.9,0.799
459.3,10.47,3.8986,52.3,178.2,17,98,40499.7,0.4316
663.7,3.94,3.0211,11.89,221.8,0,28,16935.1,0.2588
978.1,2.4,7.1933,70.17,154.0,0,100,77128.1,0.6107
562.9,5.86,1.2915,45.87,52.5,1,118,48562.0,0.3322
431.9,26.75,3.8378,32.53,106.7,18,195,76059.7,0.1969
659.0,23.7,4.9553,38.54,234.3,1,102,74959.2,0.5119
662.6,2.8,0.4673,26.51,370.8,10,176,97985.0,0.0807
261.0,14.99,6.3551,33.23,167.5,18,127,54398.6,0.126
514.7,4.35,4.0874,76.22,34.6,9,136,75629.8,0.0653
340.4,29.54,6.8433,46.0,327.2,14,192,38045.2,0.0375
922.3,9.84,2.5222,95.37,105.4,0,43,52582.6,0.6268
136.2,2.74,2.5528,71.1,373.6,20,166,62628.0,0.4834
202.7,1.5,1.5312,22.78,197.6,12,70,29370.2,0.2333
672.3,12.34,3.467,16.05,73.3,17,117,3745.2,0.1803
330.2,4.61,4.8301,52.46,257.7,5,181,40683.8,0.0804
502.2,1.81,1.5078,28.11,179.5,12,181,43357.1,0.0295
463.7,0.74,5.8625,84.19,156.4,1,48,98972.3,0.1526
441.9,14.43,5.2852,82.41,415.5,0,106,31310.7,0.6631
420.4,22.38,4.8437,40.05,213.5,20,87,32679.1,0.8358
647.1,9.49,2.8709,52.72,221.2,1,118,18024.5,0.4973
296.9,10.23,1.9139,4.18,478.0,10,51,44187.3,0.6461
576.5,9.64,1.8378,18.03,93.1,20,105,69183.9,0.073
498.1,21.85,6.4697,5.34,482.5,11,131,68092.9,0.7599
156.5,20.62,2.0976,35.28,338.5,8,80,23261.9,0.3361
337.1,9.29,4.0634,48.9,429.8,16,14,5173.7,0.7595
308.9,17.26,2.5927,57.71,283.7,10,132,38213.7,0.1727
400.7,18.14,3.2974,49.91,22.3,13,43,15780.7,0.3578
136.9,1.12,5.5183,1.67,283.2,1,102,3811.8,0.0147
468.7,43.33,0.3014,57.43,284.2,9,110,63806.9,0.7741
254.8,0.46,2.1343,10.21,33.2,10,12,36448.3,0.5847
607.6,8.22,2.1867,72.08,118.6,11,180,87333.4,0.643
650.2,15.28,0.3195,72.14,366.8,4,131,22857.1,0.1988
148.5,2.26,4.0671,34.9,130.2,5,161,18071.8,0.2058
494.4,15.52,4.4986,64.86,228.4,5,122,26163.1,0.5098
163.4,18.13,7.551,42.47,376.0,16,110,30078.6,0.4033
271.3,1.32,2.3726,20.03,172.5,19,93,42439.2,0.1801
582.9,3.09,7.1081,3.83,207.6,12,187,88580.7,0.6126
734.0,4.54,3.7596,30.56,136.3,2,110,1684.5,0.5196
506.5,17.96,4.6855,18.05,287.0,7,66,34351.8,0.5699
808.3,18.11,1.8319,99.04,111.4,11,159,57699.1,0.2405
657.4,14.36,2.6408,35.38,481.0,13,1,15872.3,0.7497
500.3,25.24,7.5206,25.95,289.1,12,141,66681.7,0.1934
478.8,1.25,2.897,69.9,341.6,19,153,64236.7,0.1457
982.8,8.64,7.8353,10.8,288.0,10,115,56464.3,0.1776
223.7,4.39,0.3544,12.18,274.6,16,153,76945.8,0.1434
115.6,1.59,0.475,44.46,251.7,12,2,91978.4,0.4426
279.1,1.57,1.856,33.2,351.7,7,191,25555.9,0.5046
286.7,19.5,0.0403,9.12,125.7,11,65,34716.9,0.4418
271.2,11.59,0.0949,31.3,373.5,20,11,51198.9,0.8364
599.7,3.39,7.5182,59.73,201.8,13,32,67972.7,0.6849
794.8,1.05,6.724,43.41,47.6,17,113,92973.7,0.9411
471.1,2.05,7.7092,36.01,305.0,14,25,7833.6,0.2247
711.3,12.79,0.4763,79.43,455.0,3,81,39160.5,0.6055
602.0,6.3,3.4816,30.24,9.1,9,140,87054.8,0.0692
601.0,25.92,3.1959,72.93,428.6,11,44,18138.9,0.221
627.9,1.09,4.5599,34.5,312.5,19,109,50461.5,0.5197
1036.7,7.33,6.0657,77.27,87.9,17,26,71973.0,0.4609
599.6,0.76,5.3993,23.81,441.5,6,55,88318.0,0.1756
499.2,7.23,6.4845,73.33,145.3,19,123,95044.0,0.5924
799.4,37.04,0.2296,84.28,387.1,9,139,69213.7,0.848
447.4,3.28,4.619,22.12,408.7,8,74,1461.6,0.6278
383.6,10.9,2.3419,59.62,257.4,7,151,90185.8,0.7468
809.7,1.91,6.9577,64.66,331.6,14,59,60540.7,0.1409
657.3,0.26,1.8438,42.71,348.0,11,198,81765.2,0.5863
550.5,3.75,5.3923,50.69,434.7,1,139,86804.5,0.5754
710.1,13.36,6.7873,90.05,103.4,9,45,53425.6,0.406
520.2,16.09,4.0921,64.82,59.5,14,179,23249.2,0.1039
393.3,13.36,5.1149,86.77,119.6,0,17,24413.7,0.1927
393.6,1.67,6.4414,28.65,428.7,4,193,1545.6,0.8047
417.7,16.54,4.4073,29.76,422.1,6,75,75483.3,0.8231
688.8,1.6,5.8675,12.02,466.7,3,88,96671.9,0.7248
562.0,15.31,3.5689,27.25,286.1,20,104,11193.7,0.5416
364.1,17.77,5.5868,83.59,366.0,8,117,60746.6,0.3065
796.8,5.87,1.965,36.04,279.4,17,96,85968.7,0.3283
421.3,2.55,1.4645,29.84,284.0,7,8,20851.3,0.2565
401.6,10.9,7.0203,44.5,198.2,5,170,15505.7,0.2464
582.0,8.68,3.1059,90.73,391.3,1,131,78723.0,0.0728
839.4,11.39,1.6592,48.48,383.6,7,22,99571.4,0.6755
679.7,15.79,5.1848,54.82,128.6,2,154,77882.7,0.9902
276.3,5.19,2.6757,9.12,373.8,11,193,17579.2,0.9293
556.8,31.01,1.9146,78.83,379.3,11,62,35792.9,0.3372
603.2,21.51,0.2308,91.98,392.6,4,104,89816.1,0.2583
333.6,22.68,0.4844,8.08,138.3,2,42,66741.8,0.5189
156.4,0.1,6.0631,68.3,353.4,0,175,25647.0,0.3574
510.7,8.74,2.6524,15.29,51.1,15,128,44398.5,0.9662
491.5,16.13,1.5878,4.01,181.8,2,154,28927.8,0.2882
605.2,23.9,0.8254,11.21,428.6,3,124,44758.0,0.9169
491.9,7.47,0.0807,3.24,134.5,2,103,3202.0,0.4896
482.2,29.71,1.2454,26.26,289.3,1,88,91545.3,0.9491
706.7,8.0,0.5515,81.84,326.2,13,37,2904.9,0.2431
359.1,1.92,2.2602,63.32,21.5,0,70,26955.4,0.9541
238.4,11.85,0.6709,97.75,233.2,20,197,36913.9,0.788
477.3,22.99,3.0597,99.5,380.7,3,8,84757.8,0.9265
454.2,7.31,5.7763,21.19,16.0,14,149,99623.4,0.4088
830.4,9.07,5.4712,99.23,142.4,4,87,56638.4,0.826
723.2,2.67,1.8802,24.69,96.5,1,109,16151.5,0.3984
422.7,6.08,2.3592,70.2,53.4,6,137,62567.3,0.0322
485.5,37.41,4.3335,75.02,293.9,13,12,45588.7,0.6621
564.5,0.69,0.4722,35.13,281.8,6,142,47404.3,0.712
519.3,1.64,7.0217,75.16,111.5,10,66,69738.2,0.8783
241.2,2.24,5.9685,53.33,362.3,7,136,6065.7,0.1771
772.8,21.03,7.4268,43.94,412.3,19,134,88623.8,0.9876
642.9,5.48,7.1408,91.54,270.8,15,40,56820.8,0.9297
670.8,5.4,2.3696,88.5,5.5,10,1,1021.6,0.2753
169.4,4.73,5.9181,12.16,466.5,19,30,92325.8,0.717
578.0,10.9,2.4996,70.21,378.0,20,117,17478.7,0.149
307.9,5.49,2.7476,10.1,405.6,7,117,6202.9,0.811
578.2,3.93,3.9565,5.4,56.2,11,80,48925.1,0.8268
523.1,15.35,5.7817,62.92,347.1,10,38,81199.6,0.1137
607.2,3.69,7.4235,62.33,313.1,16,142,31037.8,0.4977
481.0,23.89,6.6587,89.39,15.7,3,185,18935.5,0.1625
642.0,0.36,4.9598,43.09,404.4,13,190,73181.4,0.2692
482.7,10.36,0.7177,79.93,443.6,19,2,52399.1,0.7027
364.8,1.47,1.4005,10.9,398.0,20,157,35828.5,0.0667
239.0,18.36,0.3886,13.82,396.8,20,4,75569.2,0.5908
689.3,10.21,7.7956,70.91,75.6,6,62,84111.7,0.192
686.2,0.11,7.4943,93.25,337.5,1,71,64991.5,0.6621
133.1,0.02,1.4969,59.98,433.0,6,108,81063.0,0.0013
103.2,5.64,4.8928,28.4,217.5,20,74,25562.2,0.5161
377.9,33.02,0.9934,63.36,358.2,4,68,96068.7,0.1204
614.0,15.04,0.1404,95.81,341.8,18,104,63816.2,0.3583
630.5,15.33,6.8976,6.71,419.0,5,11,98542.3,0.4259
414.3,15.56,2.8721,75.65,357.6,19,188,13734.3,0.449
252.7,3.31,1.7939,56.02,16.4,7,56,96555.8,0.688
584.1,5.91,3.967,40.65,223.6,11,86,91234.8,0.9897
466.0,16.42,5.2459,34.59,28.6,10,53,37931.1,0.1202
659.7,5.38,0.3662,45.05,390.4,7,36,2066.1,0.1118
425.1,2.03,2.674,75.18,142.8,7,76,670.4,0.5919
665.8,20.1,1.438,77.16,389.6,20,62,40802.3,0.7392
405.6,28.44,5.3533,73.4,27.2,13,82,41317.0,0.1918
739.1,6.92,6.0319,1.21,267.6,20,144,31158.3,0.6331
412.4,4.65,0.2036,21.39,71.1,19,13,60360.5,0.7699
573.0,7.88,4.7619,83.8,146.0,2,1,77796.1,0.3318
695.8,16.85,1.2941,76.98,83.0,3,9,16213.0,0.9004
462.4,8.6,0.5732,82.81,353.6,20,112,57670.3,0.2718
477.2,12.56,1.9651,15.67,189.1,17,75,47187.1,0.0011
652.8,12.99,7.2408,99.55,91.5,10,38,61993.7,0.7419
559.0,0.54,0.1523,59.43,491.1,16,188,71733.2,0.8466
399.2,21.88,4.2131,62.56,218.1,13,186,35725.1,0.5707
606.0,3.18,2.8319,9.38,139.4,4,99,66722.3,0.4086
582.5,26.52,7.3002,18.5,344.9,4,181,99432.2,0.3323
498.3,5.17,7.0662,59.1,486.1,12,11,65244.2,0.699
549.3,8.89,1.3361,72.03,115.0,11,149,76054.5,0.0781
212.3,45.71,5.8617,22.96,140.6,4,135,20126.1,0.4923
665.7,7.36,3.9321,51.9,277.3,7,21,31088.7,0.957
341.8,3.67,0.9088,83.68,279.9,1,28,85093.1,0.0149
534.2,7.22,2.6269,38.12,364.3,2,191,10541.0,0.8815
206.3,1.47,1.7147,68.11,299.0,0,89,43648.8,0.9829
391.9,36.82,5.1529,12.62,453.8,4,14,16440.1,0.9895
718.6,28.65,0.7905,9.07,29.3,3,21,31005.9,0.2447
894.2,4.62,1.8686,7.19,430.9,16,180,79613.2,0.6205
706.3,0.04,3.2794,42.95,416.7,7,196,56796.2,0.5579
593.3,6.56,0.5393,69.17,170.1,2,86,59056.8,0.6602
436.8,3.03,6.4118,91.12,401.3,15,58,73320.3,0.5074
456.4,10.66,0.706,2.45,353.7,7,8,22252.6,0.4342
920.0,12.74,0.2499,33.98,412.0,1,56,21664.6,0.4102
808.5,0.2,5.5684,12.47,181.7,13,143,55675.1,0.7435
312.2,10.71,0.4821,87.04,240.4,7,101,73437.4,0.6529
267.3,47.96,6.2216,80.02,196.9,13,50,78017.2,0.4215
459.6,25.41,3.9275,93.29,262.4,4,140,50358.8,0.4207
539.5,2.72,4.9327,78.45,260.6,15,63,81925.6,0.9136
470.0,5.49,6.6141,46.3,0.5,18,43,75147.2,0.849
697.3,33.96,0.7649,38.96,308.6,9,176,47359.7,0.1044
499.7,9.62,5.1548,23.91,481.1,10,53,91419.9,0.3685
967.0,5.39,0.2184,14.5,487.8,8,143,69978.6,0.8495
728.5,14.21,0.6716,50.65,47.8,10,90,6977.0,0.6213
19.7,41.91,1.1495,33.19,33.7,19,33,44326.2,0.0504
325.0,31.76,2.5553,99.16,370.6,19,124,63422.5,0.7939
425.1,9.11,5.0961,44.27,244.6,19,61,89968.6,0.4079
467.3,1.4,2.5867,20.66,5.4,17,150,48308.8,0.9848
532.3,7.9,3.2739,56.26,170.8,5,81,52240.0,0.4283
366.4,0.52,7.1002,48.19,467.3,8,14,15866.1,0.4945
697.5,0.3,7.7844,65.42,103.8,2,69,8626.5,0.1848
492.1,2.85,2.466,12.27,327.1,4,23,65826.2,0.5154
410.0,3.07,7.52,53.61,199.6,0,43,81569.6,0.3147
674.6,27.98,6.6411,53.3,463.2,20,169,80176.4,0.1842
630.8,5.96,3.1248,43.54,226.7,8,115,87293.4,0.399
783.0,4.27,3.2385,13.3,313.4,7,127,6077.0,0.9092
165.9,0.86,2.3868,39.87,286.9,6,67,36736.8,0.5018
1.3,26.8,3.4634,3.93,183.1,2,168,44152.3,0.9629
659.6,8.74,6.2814,76.79,462.2,11,73,3357.7,0.3861
280.4,0.53,0.9757,1.82,98.2,13,5,99100.5,0.1899
421.2,5.28,4.9723,50.44,195.9,8,7,52354.8,0.2664
234.4,1.39,0.1581,14.96,444.2,19,168,41066.5,0.6698
702.1,0.3,5.4917,26.54,223.8,11,176,69737.0,0.0709
324.4,20.86,0.7657,26.17,300.6,17,70,99914.3,0.2375
544.7,4.0,7.917,92.09,78.6,7,24,76093.0,0.5422
528.4,9.47,6.2362,55.11,86.2,18,108,50976.6,0.3072
468.0,2.53,2.0408,64.72,309.4,0,196,50349.4,0.0198
330.5,6.39,7.9461,70.84,426.8,11,74,27368.4,0.9162
381.4,4.87,1.0918,82.52,219.0,9,76,99908.2,0.4776
120.6,2.15,2.4869,23.32,304.6,19,121,38198.2,0.9326
388.0,1.37,2.3201,13.23,1.2,4,122,85325.3,0.468
649.7,4.33,0.0658,28.26,189.9,8,184,69715.9,0.8014
337.6,9.29,4.1824,62.38,426.4,10,70,95480.2,0.217
471.6,4.47,1.9741,83.29,94.3,11,172,32866.7,0.2463
480.0,31.78,2.7296,87.0,316.4,19,18,22735.5,0.9072
577.0,14.65,7.5157,7.07,95.0,19,155,15382.9,0.1184
606.4,5.54,5.926,94.05,484.1,7,62,53450.6,0.7505
354.6,4.33,0.4399,66.61,482.7,14,162,23452.4,0.4049
500.8,26.96,6.9376,73.65,48.5,4,115,97322.4,0.9312
440.4,1.34,6.857,39.57,37.0,20,169,59528.7,0.7946
529.8,16.22,1.2126,57.62,246.9,5,29,55624.6,0.472
260.7,13.48,0.7364,35.82,100.0,3,76,59021.6,0.871
630.8,1.91,5.5816,6.09,318.7,3,133,85001.4,0.8715
399.9,0.26,2.5677,34.02,45.8,6,76,57249.8,0.6897
511.9,7.45,2.6624,80.4,47.1,11,15,77080.8,0.2146
304.1,0.49,6.9489,26.73,395.6,13,84,70330.7,0.1975
548.4,19.53,7.62,65.43,487.4,16,89,31603.4,0.439
346.0,1.9,7.2461,66.98,362.4,18,121,42223.0,0.667
459.6,8.22,2.6509,84.73,81.6,16,106,88329.8,0.228
333.3,4.31,1.1756,92.68,277.5,5,99,10658.2,0.9198
700.3,9.61,5.6906,10.48,221.6,3,31,33145.6,0.5299
617.9,16.73,1.8168,72.42,94.9,18,147,67579.0,0.5698
624.9,20.09,0.4211,59.58,239.4,3,137,56467.5,0.1241
383.4,29.85,1.9409,53.17,113.1,5,200,30512.7,0.9731
727.7,3.69,2.2891,19.81,91.4,6,163,91353.6,0.6023
62.4,7.44,1.3166,22.5,381.7,3,132,62488.0,0.0695
467.9,3.66,3.4803,14.88,258.7,15,182,51836.3,0.1751
685.8,3.15,4.9783,41.76,71.9,15,126,3850.7,0.871
276.3,5.26,5.2624,95.48,65.8,10,152,59575.2,0.9917
391.2,7.05,3.3846,98.77,361.2,12,75,84551.0,0.2492
522.1,5.61,1.3091,41.76,36.7,20,92,12779.7,0.3846
503.3,4.9,4.4407,3.29,253.0,1,158,20908.8,0.4924
501.5,1.37,3.8125,50.04,20.6,5,70,28824.9,0.301
147.7,29.16,1.2647,5.05,73.2,0,169,58040.9,0.7909
682.7,0.86,0.4216,99.85,311.4,18,12,68628.0,0.2947
363.2,7.25,5.2425,34.36,429.6,17,141,73347.4,0.7611
668.3,14.5,1.3896,76.52,444.4,0,119,68238.8,0.1364
565.6,3.32,0.0596,29.42,7.6,6,31,73115.2,0.4536
680.7,7.12,1.7635,76.64,108.8,7,74,87637.6,0.9629
395.0,14.49,6.5389,71.23,458.0,12,37,44574.1,0.8837
638.5,5.83,4.9202,33.93,433.3,9,193,55061.2,0.8942
356.5,7.98,5.2579,19.16,6.3,12,53,31300.6,0.7866
346.8,9.52,6.1871,33.51,472.9,20,11,18443.2,0.7797
613.7,7.32,1.736,9.18,418.1,3,81,27994.5,0.3409
544.3,1.48,2.2039,43.77,337.2,5,158,34145.3,0.4917
226.4,8.77,5.4275,37.04,459.8,1,21,3916.9,0.4191
288.9,21.03,1.7379,10.65,124.0,17,48,31048.5,0.802
385.6,0.02,4.6645,30.11,447.3,0,80,29082.4,0.5241
224.6,1.31,7.915,89.11,116.2,4,169,30520.3,0.7643
185.9,12.24,0.5873,79.17,137.4,19,50,43606.7,0.3481
752.9,20.37,6.3215,97.3,27.0,18,6,31743.6,0.2425
381.7,4.05,2.7797,97.34,10.2,7,43,44438.7,0.8207
528.4,12.67,0.141,66.58,352.0,18,158,68623.1,0.213
330.8,3.1,1.9842,50.31,102.3,2,193,82032.9,0.1259
537.9,5.45,7.4961,19.34,149.3,15,133,3097.5,0.3102
694.8,0.2,5.3045,34.38,346.3,18,34,15244.1,0.5612
212.9,2.32,2.7839,92.99,113.6,16,190,9774.5,0.1054
444.1,5.05,6.1329,44.89,207.2,12,39,73284.6,0.723
784.3,6.55,3.0976,30.0,260.9,16,152,5238.1,0.1318
438.9,2.71,5.0195,84.66,122.2,12,163,43789.1,0.7697
240.8,0.89,2.5413,37.15,90.2,11,144,43259.9,0.8421
397.6,5.24,4.4596,90.23,390.6,18,14,49439.1,0.4046
645.3,9.94,4.3765,4.84,170.6,7,39,46905.4,0.6037
310.1,1.46,5.4233,17.11,47.9,4,183,81603.9,0.6947
433.8,16.62,0.3854,63.54,485.0,2,88,59875.6,0.5038
699.0,10.29,4.1192,97.31,287.3,9,3,10474.7,0.6925
380.5,29.21,3.9053,72.92,84.8,0,11,14394.8,0.9327
411.1,9.38,2.4913,12.47,146.4,8,85,10743.1,0.2403
411.7,2.08,4.3533,98.24,49.4,16,56,59115.0,0.0126
229.3,17.51,3.6249,70.05,243.6,10,174,98926.8,0.8116
569.5,27.84,3.886,38.76,410.0,18,158,5234.8,0.1961
272.3,2.92,5.9433,69.72,366.6,0,74,20134.7,0.6462
566.3,2.01,5.6753,24.71,466.6,12,180,90403.3,0.1828
580.0,5.4,4.2641,40.78,385.2,10,60,42432.0,0.426
549.2,17.27,1.0553,11.79,114.6,17,179,22624.0,0.1016
447.6,0.95,1.1966,51.8,62.3,11,67,48184.1,0.702
293.9,37.02,4.9419,47.07,252.1,17,135,57016.5,0.6283
443.7,2.19,2.6269,81.38,88.4,0,4,41797.6,0.0862
858.5,2.13,3.5856,4.88,484.5,2,132,71603.2,0.7273
554.2,10.37,3.9566,5.64,151.8,18,34,6754.1,0.8784
719.3,4.51,0.3054,44.06,288.0,18,74,16149.0,0.1484
459.0,0.87,1.263,34.54,17.5,15,99,26587.6,0.4279
326.4,3.27,4.2008,20.64,455.5,19,113,69162.1,0.2769
597.5,12.18,1.7181,23.56,187.8,14,18,89358.4,0.4304
368.0,3.6,5.0467,72.49,74.2,7,10,80845.9,0.9696
387.3,19.57,7.2067,5.97,275.1,7,174,9474.2,0.9105
363.8,4.61,2.4044,82.26,388.5,8,140,92749.6,0.4152
775.1,4.83,2.5266,41.82,71.7,9,5,4775.1,0.5806
