duration,protocol_type,service,flag,src_bytes,dst_bytes,count,srv_count,same_srv_rate,dst_host_srv_count,risk_score,label
0,icmp,ftp,OTH,48698,18124,16,15,0.74,126,0.203,normal
0,icmp,ftp_data,S1,28657,238,458,309,0.01,12,0.858,attack
0,udp,ftp,S0,99458,825,281,358,0.21,17,0.5777,attack
117,udp,ftp,S3,79131,270,222,374,0.23,7,0.9866,attack
39,tcp,ftp,S1,92349,71,223,339,0.11,18,0.9926,attack
24,icmp,smtp,S3,48520,363,307,344,0.13,43,0.824,attack
0,tcp,ssh,SF,30394,24967,18,41,0.91,156,0.2054,normal
0,udp,pop3,S2,17646,4437,14,37,0.96,180,0.0638,normal
67,tcp,smtp,S3,4598,551,334,383,0.29,37,0.6997,attack
17,udp,pop3,OTH,3187,7285,10,41,0.75,208,0.1789,normal
0,icmp,https,S0,16576,36356,1,44,0.92,237,0.2253,normal
173,tcp,dns,S3,26,976,334,498,0.25,11,0.7538,attack
0,udp,http,S0,24604,10687,35,50,0.98,100,0.1797,normal
27,udp,ftp,S3,20253,15792,4,16,0.96,120,0.0257,normal
0,tcp,ftp_data,RSTO,43337,31248,36,11,0.78,255,0.1269,normal
0,tcp,ftp,RSTR,44119,42690,24,29,0.97,215,0.0363,normal
53,tcp,ftp_data,RSTO,58,72,230,118,0.03,2,0.9298,attack
50,udp,ssh,S0,70678,135,492,296,0.24,50,0.7365,attack
122,icmp,ftp,SF,55519,420,439,443,0.36,43,0.8267,attack
0,udp,ssh,S0,32591,196,297,275,0.22,27,0.5917,attack
0,tcp,pop3,S2,85477,553,207,497,0.05,48,0.9243,attack
0,udp,dns,S1,3942,10889,25,1,1.0,167,0.278,normal
14,tcp,other,S3,36522,43476,46,32,0.75,175,0.0653,normal
0,icmp,ftp,REJ,6572,598,444,258,0.46,33,0.5787,attack
61,udp,other,OTH,52923,122,491,127,0.29,2,0.8097,attack
0,icmp,dns,S2,13486,43991,46,21,0.77,201,0.0393,normal
0,udp,smtp,RSTR,60068,636,488,511,0.05,34,0.6066,attack
0,icmp,ftp_data,SF,24317,18776,11,29,0.95,177,0.1835,normal
0,tcp,dns,SH,19720,43575,7,9,0.78,127,0.2227,normal
12,tcp,ftp,S1,22571,13442,44,41,0.96,229,0.1466,normal
0,udp,ftp_data,S1,332,21959,50,9,0.89,167,0.0485,normal
0,tcp,pop3,REJ,5031,45386,10,35,0.71,194,0.1748,normal
0,udp,other,REJ,46898,215,327,342,0.05,49,0.7799,attack
0,udp,ssh,SH,10749,11703,27,2,0.75,185,0.2347,normal
136,tcp,ssh,SF,5075,879,440,114,0.1,29,0.6748,attack
0,icmp,https,SF,21612,18358,5,50,0.78,230,0.1199,normal
32,udp,pop3,OTH,76099,985,335,20,0.05,27,0.6728,attack
0,icmp,ssh,RSTR,25344,37887,13,17,0.71,211,0.0005,normal
101,udp,https,S1,86951,868,263,369,0.45,32,0.6546,attack
0,udp,pop3,S3,8441,12672,27,43,0.98,144,0.1847,normal
0,udp,ssh,S3,18903,13874,28,38,0.88,182,0.1395,normal
22,tcp,dns,RSTO,48331,11220,43,6,0.79,185,0.028,normal
0,icmp,other,RSTO,1700,3128,16,31,0.88,118,0.1366,normal
0,tcp,pop3,RSTO,32499,26291,16,10,0.9,101,0.2678,normal
0,icmp,other,RSTR,73060,255,262,234,0.07,29,0.8338,attack
0,tcp,telnet,S2,40250,47238,33,28,0.95,240,0.1338,normal
82,udp,https,RSTR,4270,496,322,141,0.22,45,0.6429,attack
0,udp,https,S3,9168,9984,15,25,0.91,154,0.0193,normal
0,icmp,pop3,S2,13655,27634,25,50,0.88,105,0.257,normal
93,tcp,telnet,RSTO,98759,399,414,276,0.37,34,0.8999,attack
0,icmp,ftp_data,SF,50968,344,407,371,0.08,29,0.9598,attack
0,tcp,http,SH,37087,43550,2,6,0.89,134,0.2601,normal
173,tcp,telnet,SF,2677,345,394,143,0.38,26,0.6261,attack
0,tcp,ssh,SF,23035,14794,42,5,0.93,110,0.2263,normal
0,udp,https,REJ,8372,31135,43,8,0.87,155,0.1395,normal
16,udp,other,S1,47178,7606,50,11,0.99,127,0.1736,normal
0,icmp,ftp,OTH,4850,707,324,53,0.35,19,0.9251,attack
0,udp,telnet,S0,35013,28174,43,24,0.72,187,0.0038,normal
176,icmp,telnet,S2,92708,156,422,91,0.37,41,0.635,attack
106,icmp,other,S1,32177,850,244,143,0.44,15,0.8752,attack
107,icmp,dns,S3,23834,499,308,182,0.4,21,0.6398,attack
0,icmp,telnet,S2,1977,737,408,251,0.28,15,0.8453,attack
0,icmp,ftp_data,RSTR,19383,14622,26,45,0.77,248,0.1107,normal
121,udp,ftp,S3,92124,464,338,157,0.13,7,0.8606,attack
9,icmp,other,SH,12233,12652,14,48,0.85,250,0.293,normal
27,tcp,dns,SF,12821,19514,15,24,0.75,103,0.2124,normal
0,tcp,other,SH,19245,45805,9,41,0.96,225,0.0308,normal
0,tcp,pop3,S2,22428,12182,4,17,0.98,222,0.0342,normal
18,udp,other,OTH,19555,830,488,486,0.15,15,0.5592,attack
0,udp,other,OTH,34347,25028,29,29,0.79,250,0.297,normal
47,tcp,smtp,SF,81987,216,335,339,0.04,15,0.5869,attack
90,tcp,dns,OTH,4278,237,347,362,0.14,29,0.5356,attack
0,tcp,http,REJ,27961,7621,35,15,0.89,168,0.248,normal
0,udp,ftp_data,S3,49183,37403,19,29,0.74,177,0.2099,normal
0,tcp,other,OTH,39292,2712,28,48,0.8,164,0.0078,normal
18,icmp,telnet,SH,44158,17762,37,3,0.93,144,0.1412,normal
192,tcp,https,S1,11959,481,378,210,0.17,42,0.5523,attack
0,udp,ftp,S1,43523,26344,49,36,0.71,122,0.0944,normal
26,icmp,telnet,S2,175,43200,35,30,0.82,148,0.1555,normal
0,icmp,other,RSTO,17601,36093,9,19,0.83,224,0.0364,normal
0,tcp,smtp,S2,36199,996,36,27,0.73,129,0.1384,normal
0,icmp,smtp,S1,33449,46329,18,27,0.95,220,0.0731,normal
0,tcp,dns,SH,2263,791,412,175,0.47,32,0.6336,attack
0,icmp,pop3,S2,43349,32189,10,29,0.86,188,0.0997,normal
0,icmp,telnet,S1,45811,15750,37,25,0.77,205,0.0131,normal
194,udp,ftp,S3,303,129,457,495,0.3,6,0.9371,attack
0,udp,https,OTH,47446,9547,27,42,0.99,119,0.1408,normal
4,udp,ftp_data,SF,5363,21632,44,35,0.81,181,0.188,normal
0,icmp,ftp,S2,41463,44952,19,15,0.92,211,0.2935,normal
0,icmp,pop3,OTH,6028,332,228,151,0.18,27,0.5728,attack
0,icmp,smtp,RSTO,11240,11573,6,40,0.96,161,0.1493,normal
0,icmp,ftp_data,REJ,30218,16833,43,1,0.97,219,0.2704,normal
94,udp,telnet,S0,83746,985,417,354,0.13,19,0.5996,attack
92,icmp,http,OTH,91655,302,211,501,0.42,25,0.6372,attack
27,icmp,smtp,S0,18856,15181,39,23,0.77,148,0.1863,normal
3,udp,https,S1,2683,20346,29,3,0.87,133,0.027,normal
128,udp,https,S0,4348,513,339,426,0.08,30,0.9837,attack
0,icmp,https,S0,9324,49524,15,44,0.92,201,0.2902,normal
0,icmp,https,S0,17431,35264,8,30,0.81,167,0.1754,normal
0,icmp,telnet,SH,1740,40702,36,21,0.97,156,0.1943,normal
0,icmp,smtp,S1,9260,3071,3,20,1.0,129,0.0292,normal
6,icmp,ftp,S2,48802,45744,35,27,0.88,139,0.2656,normal
0,tcp,https,S3,2244,45338,24,14,0.83,160,0.2566,normal
3,udp,ftp,RSTO,23606,4068,26,18,0.76,131,0.2847,normal
0,icmp,ssh,OTH,1499,3414,22,16,1.0,244,0.0616,normal
109,icmp,dns,REJ,1208,807,505,2,0.14,9,0.9938,attack
8,tcp,pop3,S3,1947,366,321,302,0.16,11,0.6327,attack
184,icmp,http,S3,58756,796,385,263,0.3,28,0.7519,attack
0,udp,ftp,S0,62781,867,405,219,0.34,31,0.8562,attack
0,icmp,dns,S2,1033,281,499,281,0.36,24,0.9973,attack
0,tcp,pop3,S2,6599,46091,8,42,0.9,241,0.2163,normal
0,icmp,dns,RSTR,22312,29820,26,27,0.92,180,0.128,normal
8,udp,smtp,S3,31181,4499,6,6,0.73,124,0.2234,normal
3,icmp,dns,RSTR,53845,362,416,445,0.46,3,0.9842,attack
20,udp,other,RSTO,3950,229,255,180,0.42,23,0.5574,attack
29,icmp,dns,SF,36863,40845,40,44,0.89,106,0.1827,normal
114,tcp,http,S0,46009,6,292,446,0.07,42,0.7004,attack
0,icmp,other,S0,24754,27614,30,22,0.75,179,0.2165,normal
0,udp,telnet,OTH,10416,49542,40,4,0.9,169,0.1329,normal
51,icmp,telnet,S3,98951,524,258,177,0.21,18,0.8391,attack
0,tcp,dns,SH,14551,26003,39,4,0.7,177,0.2836,normal
195,icmp,https,S0,97912,440,289,67,0.19,45,0.6151,attack
164,icmp,pop3,SH,2456,470,239,442,0.16,27,0.7867,attack
107,tcp,ssh,S1,22527,820,435,426,0.34,23,0.5441,attack
0,tcp,ftp_data,S0,5254,26036,20,48,0.8,185,0.2337,normal
0,udp,ssh,REJ,22996,23109,47,42,0.94,160,0.0308,normal
18,icmp,other,S2,49851,43059,5,12,0.99,226,0.1392,normal
0,tcp,telnet,S2,42239,41734,40,21,0.96,180,0.0453,normal
22,tcp,http,RSTR,18101,38859,4,23,0.85,179,0.1385,normal
0,icmp,http,S2,42348,6017,40,39,0.85,218,0.1741,normal
0,udp,ftp,RSTR,42818,12436,21,39,0.84,138,0.2873,normal
0,icmp,ftp_data,OTH,33166,42444,12,3,0.77,212,0.2973,normal
85,udp,ftp,RSTR,50779,418,373,348,0.3,50,0.8154,attack
86,tcp,https,SH,33029,741,508,448,0.08,5,0.7914,attack
10,udp,https,REJ,43493,25787,9,39,0.91,121,0.0929,normal
27,tcp,https,SH,48516,45019,34,6,0.89,208,0.1525,normal
115,tcp,ftp_data,S3,3983,196,315,71,0.08,18,0.9222,attack
0,tcp,smtp,OTH,2573,43480,22,50,0.89,252,0.113,normal
0,icmp,dns,S2,47363,28783,3,27,0.81,160,0.2909,normal
99,udp,dns,S1,3842,925,299,189,0.34,36,0.9922,attack
0,udp,ftp_data,S0,10720,13187,39,9,0.96,113,0.1924,normal
0,tcp,pop3,S0,8270,18781,6,49,0.75,215,0.2716,normal
0,udp,ftp,RSTR,29665,23010,2,27,0.72,228,0.1122,normal
0,udp,smtp,S2,93677,665,371,406,0.07,2,0.6434,attack
0,udp,ftp,SH,2490,262,310,428,0.07,46,0.8044,attack
0,tcp,ftp_data,OTH,31252,429,434,33,0.06,31,0.7984,attack
90,tcp,ftp_data,RSTR,3516,1,380,124,0.29,11,0.8322,attack
140,tcp,https,RSTO,61621,44,398,503,0.19,47,0.5081,attack
1,udp,smtp,S2,6893,38235,48,49,0.8,111,0.1057,normal
0,tcp,http,RSTO,41501,12045,9,5,0.91,217,0.0111,normal
0,tcp,dns,RSTR,20421,33876,26,35,0.84,109,0.226,normal
0,icmp,telnet,S1,43074,21853,18,8,0.94,211,0.2668,normal
195,udp,other,REJ,4075,376,465,137,0.4,46,0.7122,attack
0,udp,smtp,S2,6823,5347,21,43,0.79,214,0.1808,normal
121,icmp,pop3,RSTR,80589,445,340,328,0.49,3,0.5375,attack
16,tcp,ssh,RSTR,44625,10584,2,10,0.95,212,0.0104,normal
19,icmp,https,S1,89006,460,389,191,0.22,4,0.787,attack
68,udp,telnet,RSTO,14869,26,295,256,0.26,35,0.5589,attack
0,icmp,telnet,S0,45580,32291,13,8,0.74,118,0.1356,normal
29,udp,smtp,REJ,21044,43867,23,46,0.72,238,0.0871,normal
0,icmp,other,RSTR,14795,8053,13,9,0.77,226,0.0079,normal
0,udp,other,S0,8604,40204,6,5,0.79,222,0.1577,normal
0,icmp,smtp,REJ,58979,477,464,177,0.06,49,0.7757,attack
4,icmp,dns,S0,67908,156,355,85,0.08,45,0.6127,attack
5,icmp,smtp,REJ,81922,310,473,48,0.25,10,0.7959,attack
13,icmp,other,SH,39758,22226,37,3,0.95,107,0.0244,normal
19,udp,telnet,RSTO,37595,27401,40,41,0.71,239,0.0869,normal
8,udp,telnet,RSTO,26713,19592,30,5,0.91,140,0.1319,normal
101,icmp,ftp,RSTR,2615,751,376,500,0.2,48,0.6853,attack
77,udp,ssh,REJ,58929,253,272,50,0.03,24,0.9321,attack
0,udp,telnet,SF,47359,20594,13,49,0.75,231,0.14,normal
199,udp,other,S2,59930,989,323,111,0.29,3,0.5253,attack
0,udp,http,OTH,56482,137,335,373,0.18,25,0.683,attack
0,icmp,other,S0,36356,19013,5,25,0.85,240,0.0839,normal
142,icmp,ftp_data,S1,48915,813,373,286,0.47,48,0.5721,attack
0,icmp,ftp_data,REJ,2650,9080,46,22,0.94,232,0.1371,normal
24,icmp,other,SH,51505,631,353,304,0.17,32,0.7662,attack
0,icmp,http,OTH,24240,21808,44,8,0.99,249,0.0923,normal
4,icmp,other,S1,38010,37955,15,47,0.72,222,0.0512,normal
0,udp,ssh,S1,4690,970,256,98,0.01,20,0.7094,attack
0,udp,telnet,S3,31007,48323,47,4,0.91,232,0.0622,normal
176,icmp,dns,OTH,4367,350,479,182,0.34,46,0.8404,attack
0,icmp,ssh,S2,18384,36674,20,15,0.98,176,0.2314,normal
81,tcp,dns,SF,37721,124,493,347,0.27,25,0.9092,attack
118,udp,ftp_data,SH,57983,671,331,383,0.24,12,0.914,attack
65,udp,telnet,S0,415,685,471,116,0.32,3,0.5501,attack
0,tcp,dns,RSTR,439,36167,11,27,0.9,221,0.1432,normal
0,tcp,pop3,REJ,85498,587,318,274,0.37,2,0.9566,attack
0,tcp,dns,OTH,26117,32565,12,48,0.99,174,0.263,normal
0,udp,dns,RSTO,18749,29876,42,35,0.86,134,0.2553,normal
0,udp,dns,OTH,10749,48014,30,42,0.78,147,0.0042,normal
0,udp,ftp,REJ,11601,40139,41,26,0.95,231,0.0984,normal
0,udp,dns,OTH,21307,16356,1,17,0.82,214,0.2261,normal
0,tcp,pop3,S3,17241,42939,24,45,0.77,130,0.1396,normal
11,tcp,ssh,REJ,20480,45338,8,41,0.97,175,0.1103,normal
0,icmp,ssh,RSTO,49103,39797,24,27,0.91,220,0.2272,normal
0,tcp,http,S3,5465,34539,29,34,0.91,119,0.2752,normal
0,icmp,ssh,OTH,37632,35270,10,11,0.8,233,0.1326,normal
0,icmp,telnet,SH,29295,3746,30,9,0.85,216,0.1692,normal
0,icmp,ftp,S3,16776,297,48,14,0.87,111,0.1271,normal
0,icmp,pop3,RSTR,31037,2179,19,27,0.75,134,0.2297,normal
0,udp,ftp,REJ,29495,24839,25,6,0.9,238,0.0399,normal
0,udp,ftp_data,S1,34758,8445,47,15,0.95,105,0.2935,normal
26,icmp,ftp,SF,15151,16320,30,23,0.75,148,0.2812,normal
0,icmp,http,RSTO,40399,1125,16,14,0.72,252,0.0101,normal
0,udp,ssh,OTH,28867,15457,35,14,0.93,114,0.042,normal
62,udp,http,S3,39552,897,273,505,0.33,14,0.7068,attack
15,icmp,pop3,S3,11577,41125,44,28,0.87,112,0.2917,normal
150,tcp,dns,REJ,19558,307,392,95,0.38,30,0.6205,attack
0,tcp,https,S0,36956,27145,27,36,0.86,199,0.0729,normal
29,icmp,other,OTH,24418,6159,35,47,0.95,113,0.0805,normal
37,tcp,ssh,RSTO,99837,601,486,112,0.24,21,0.6516,attack
0,tcp,ftp_data,RSTR,49047,49535,31,16,0.91,152,0.119,normal
0,udp,telnet,S0,30656,35073,42,23,0.79,192,0.1538,normal
13,tcp,smtp,SF,30868,21086,14,24,0.79,111,0.1688,normal
92,icmp,https,SH,19976,200,368,118,0.19,15,0.7497,attack
0,icmp,ftp_data,S2,47519,42154,48,32,0.84,190,0.0508,normal
0,tcp,ftp,REJ,9742,967,224,392,0.0,8,0.9213,attack
132,udp,http,SF,7923,632,447,338,0.24,0,0.7661,attack
0,tcp,ftp,S0,35210,18888,2,33,0.94,210,0.2419,normal
0,tcp,https,S1,12678,40717,34,17,0.94,168,0.2385,normal
0,icmp,http,S0,45794,14901,20,44,0.95,120,0.1961,normal
184,icmp,https,OTH,7355,652,204,360,0.09,31,0.9227,attack
0,tcp,ftp,SH,34713,2888,15,14,0.97,245,0.1427,normal
0,icmp,pop3,S0,43229,2256,12,21,0.7,153,0.1761,normal
140,icmp,ftp,S3,4428,339,396,387,0.37,50,0.9942,attack
0,icmp,other,S1,3619,6501,28,15,0.95,187,0.1816,normal
0,udp,pop3,REJ,2041,41657,18,29,0.85,191,0.1659,normal
5,tcp,dns,REJ,25008,5716,50,40,0.79,163,0.2139,normal
140,udp,ftp,REJ,2594,369,254,47,0.0,19,0.7224,attack
170,tcp,other,OTH,73005,568,462,209,0.05,5,0.677,attack
0,tcp,other,S3,908,19226,27,25,0.93,243,0.2716,normal
27,udp,pop3,SH,18198,275,354,138,0.25,4,0.5836,attack
0,udp,ftp,REJ,23766,16595,16,47,0.89,252,0.185,normal
111,tcp,dns,RSTR,81289,389,368,226,0.17,41,0.9871,attack
9,icmp,telnet,OTH,13263,31492,21,12,0.99,181,0.0874,normal
0,icmp,smtp,S3,24745,18469,26,24,0.73,244,0.0599,normal
48,icmp,telnet,REJ,57469,816,349,426,0.35,50,0.8975,attack
0,icmp,telnet,OTH,16659,43266,10,46,0.83,196,0.0222,normal
0,tcp,https,REJ,47124,718,474,305,0.32,5,0.5547,attack
0,udp,ftp,SF,37011,42372,44,42,0.82,184,0.2897,normal
54,tcp,https,SF,3651,383,400,238,0.39,37,0.8452,attack
0,tcp,ftp_data,S2,27361,5726,8,47,0.74,179,0.1029,normal
165,tcp,http,RSTR,94633,713,431,164,0.03,2,0.9051,attack
7,udp,telnet,RSTO,10871,48628,16,34,0.75,140,0.0993,normal
1,tcp,telnet,OTH,12188,12315,41,43,0.83,107,0.2212,normal
50,udp,ssh,S2,26972,285,232,296,0.05,34,0.5935,attack
101,icmp,smtp,SH,78246,397,400,301,0.06,22,0.9228,attack
0,udp,smtp,S3,5654,44147,9,21,0.74,178,0.0351,normal
137,tcp,ftp_data,REJ,3465,190,449,326,0.27,41,0.9653,attack
0,udp,smtp,RSTO,12361,20716,29,40,0.72,191,0.2856,normal
0,udp,telnet,REJ,33224,42899,32,27,0.91,206,0.213,normal
53,icmp,telnet,S3,38284,33,340,116,0.27,10,0.8904,attack
0,tcp,telnet,S3,7584,17656,50,35,0.95,193,0.1626,normal
0,udp,ftp,S2,96467,849,326,153,0.44,2,0.7249,attack
0,tcp,ssh,RSTO,15628,13854,48,38,0.91,209,0.0498,normal
0,udp,dns,OTH,23091,34983,18,39,0.86,182,0.2937,normal
10,tcp,smtp,RSTO,98316,804,410,471,0.03,17,0.9335,attack
67,udp,pop3,S2,99807,863,401,251,0.07,40,0.6344,attack
147,udp,https,OTH,67582,767,342,356,0.47,23,0.7273,attack
175,udp,ssh,S2,83209,680,383,436,0.03,34,0.6989,attack
113,icmp,http,SF,71737,591,266,290,0.43,50,0.6719,attack
0,icmp,smtp,SH,16284,951,280,226,0.23,27,0.6012,attack
0,udp,dns,RSTO,85798,369,328,43,0.19,41,0.5828,attack
0,udp,http,SF,142,218,444,40,0.07,14,0.7597,attack
25,icmp,ftp,S0,8003,27776,45,9,0.84,158,0.1149,normal
11,icmp,http,OTH,50164,792,268,329,0.5,9,0.5342,attack
0,udp,ssh,S0,23115,47445,14,41,0.92,205,0.1848,normal
0,tcp,ssh,SH,49412,8171,38,47,0.82,209,0.0944,normal
0,icmp,dns,RSTO,36367,39487,39,47,0.88,106,0.2544,normal
0,tcp,ssh,S2,12463,49110,26,19,0.89,161,0.1485,normal
0,icmp,smtp,S2,34721,890,24,21,0.74,245,0.1263,normal
19,tcp,pop3,S3,4883,1193,38,5,0.7,155,0.0119,normal
157,tcp,dns,S0,91987,411,242,328,0.27,39,0.5763,attack
0,udp,ssh,SF,10282,35252,21,26,0.88,116,0.0931,normal
0,tcp,ftp,SF,59424,626,511,29,0.15,47,0.829,attack
10,tcp,dns,S0,843,10836,32,23,0.86,166,0.0501,normal
0,udp,telnet,S3,22055,28236,18,34,0.72,247,0.1883,normal
26,tcp,ssh,S3,48193,161,330,396,0.05,36,0.8371,attack
66,tcp,ftp_data,S1,6026,483,386,197,0.46,11,0.9656,attack
154,tcp,smtp,RSTO,2620,277,239,293,0.19,32,0.8367,attack
0,icmp,telnet,SF,26375,4617,30,19,0.93,179,0.0982,normal
96,tcp,ftp_data,RSTO,96937,637,324,238,0.18,31,0.9989,attack
0,tcp,pop3,SH,30539,554,377,326,0.42,0,0.9755,attack
155,tcp,ssh,S3,4030,984,230,498,0.5,45,0.6399,attack
175,tcp,other,OTH,98028,86,497,49,0.25,40,0.91,attack
62,udp,https,S2,2389,267,361,475,0.4,44,0.9159,attack
44,udp,pop3,S0,17840,798,499,56,0.08,10,0.7248,attack
19,icmp,dns,OTH,13707,29716,20,30,0.78,130,0.0271,normal
16,udp,dns,REJ,11955,728,327,496,0.18,32,0.5245,attack
172,tcp,ftp,SF,72869,766,481,128,0.05,6,0.9019,attack
7,icmp,dns,S0,1623,843,405,191,0.34,41,0.542,attack
42,udp,http,REJ,84670,454,265,48,0.45,21,0.5613,attack
0,tcp,smtp,SH,47576,25986,32,2,0.81,209,0.0518,normal
0,tcp,dns,S1,2013,662,351,256,0.21,35,0.7395,attack
68,icmp,telnet,RSTR,4453,813,209,507,0.19,45,0.6796,attack
0,udp,http,S2,21176,25552,18,12,0.71,252,0.0657,normal
19,icmp,http,RSTO,38372,15354,11,7,0.77,161,0.08,normal
23,icmp,https,OTH,25555,23352,12,12,0.77,181,0.2419,normal
13,tcp,telnet,SF,73807,971,296,429,0.49,31,0.7711,attack
53,tcp,https,REJ,163,539,444,1,0.17,39,0.6007,attack
29,icmp,https,S0,21306,4003,2,10,0.88,136,0.2323,normal
0,icmp,telnet,RSTR,44113,309,365,70,0.49,46,0.9743,attack
55,tcp,http,OTH,87232,603,289,194,0.15,44,0.6473,attack
34,icmp,ftp,RSTO,78956,325,313,328,0.28,31,0.5703,attack
26,udp,telnet,SF,83386,906,245,421,0.35,40,0.8646,attack
0,udp,smtp,S1,2871,262,255,369,0.0,24,0.7191,attack
0,icmp,ssh,REJ,23118,35884,25,7,0.95,247,0.1953,normal
23,tcp,pop3,REJ,2289,19427,2,21,0.78,126,0.0223,normal
0,icmp,smtp,OTH,6201,22247,39,40,0.97,107,0.1294,normal
0,icmp,ftp_data,SH,3609,6736,22,14,0.99,204,0.2092,normal
0,udp,http,S1,15667,6385,4,26,0.87,225,0.0461,normal
43,tcp,dns,S1,12712,26,305,88,0.32,5,0.7368,attack
5,udp,smtp,S2,17467,6072,42,35,0.82,194,0.2656,normal
179,tcp,ftp,RSTR,34524,231,337,289,0.03,48,0.8482,attack
0,udp,ftp_data,S2,49675,38748,15,36,0.72,199,0.2455,normal
0,icmp,other,OTH,31312,19685,6,26,0.97,108,0.1506,normal
29,icmp,pop3,RSTO,21910,995,308,414,0.1,2,0.7117,attack
1,icmp,pop3,S3,9791,39097,17,21,0.97,117,0.0261,normal
175,tcp,other,OTH,1620,805,500,268,0.39,7,0.7072,attack
0,udp,dns,S1,7022,36976,50,7,0.94,237,0.264,normal
0,icmp,pop3,SF,40008,31101,3,12,0.78,136,0.1855,normal
62,udp,dns,SH,6460,763,443,472,0.13,23,0.5101,attack
10,udp,dns,S1,44982,6536,15,9,0.79,213,0.2322,normal
0,tcp,ftp_data,REJ,12416,29048,14,27,0.92,232,0.2602,normal
10,tcp,http,S2,68719,900,491,15,0.09,12,0.9185,attack
42,tcp,https,S2,35910,377,437,259,0.2,7,0.8406,attack
0,icmp,ftp,SH,31202,38561,36,23,0.8,166,0.2247,normal
24,udp,pop3,S3,75007,798,309,439,0.11,14,0.8388,attack
183,udp,dns,S1,17342,662,288,308,0.4,14,0.6262,attack
0,udp,other,S0,30180,16614,14,30,0.79,233,0.2473,normal
85,udp,dns,SH,39121,700,255,247,0.03,17,0.8203,attack
0,udp,dns,S1,4915,413,363,349,0.07,1,0.8277,attack
38,icmp,https,S3,44979,743,313,352,0.27,50,0.7379,attack
33,tcp,https,S0,2406,99,441,66,0.37,46,0.9042,attack
98,tcp,telnet,SF,3444,807,369,191,0.13,18,0.7319,attack
0,icmp,pop3,S3,38131,40775,5,31,0.97,228,0.0359,normal
18,icmp,smtp,S0,18004,205,375,210,0.49,29,0.5716,attack
1,tcp,other,REJ,11688,20639,41,4,0.7,170,0.0628,normal
18,udp,pop3,SF,5869,8580,40,28,0.89,203,0.1287,normal
132,tcp,ssh,RSTO,115,913,364,388,0.42,12,0.509,attack
0,tcp,dns,SH,20553,8549,7,25,0.85,178,0.0501,normal
0,udp,https,RSTO,39183,34448,22,28,0.97,134,0.1028,normal
0,tcp,https,SF,29939,229,267,109,0.37,37,0.7523,attack
0,udp,telnet,S1,77846,49,255,335,0.42,3,0.8449,attack
183,icmp,ftp,S3,91995,156,305,356,0.34,0,0.6506,attack
155,icmp,ssh,SH,859,523,260,145,0.06,6,0.7489,attack
0,tcp,telnet,RSTR,23556,46200,27,19,0.75,240,0.1489,normal
0,tcp,ftp,SH,14474,855,493,343,0.25,5,0.8898,attack
0,udp,https,RSTR,19500,17409,30,4,0.73,144,0.2622,normal
0,udp,https,S2,99379,911,223,5,0.43,42,0.8236,attack
0,udp,dns,S1,48142,6191,24,22,0.75,202,0.1201,normal
0,tcp,ftp,S1,27739,42622,11,8,0.74,115,0.2945,normal
0,icmp,smtp,S2,37386,44559,29,12,0.88,191,0.1834,normal
0,icmp,ftp_data,OTH,27053,28980,3,5,0.78,180,0.0037,normal
0,icmp,ssh,S2,43998,22270,34,34,0.91,124,0.1299,normal
17,udp,telnet,REJ,73183,913,227,6,0.32,10,0.7528,attack
105,udp,ssh,S0,31574,338,342,26,0.25,35,0.8217,attack
23,icmp,http,S0,37654,29466,6,32,0.83,130,0.2942,normal
0,icmp,ssh,S2,11913,810,509,494,0.31,19,0.9451,attack
0,icmp,https,S2,3656,14709,30,22,0.87,253,0.1419,normal
0,tcp,telnet,REJ,2796,363,349,281,0.26,44,0.5532,attack
16,udp,ssh,S2,47388,26918,7,17,0.88,148,0.0362,normal
0,udp,telnet,OTH,47075,22246,7,49,0.82,250,0.037,normal
0,udp,ftp_data,REJ,32791,384,34,48,0.71,210,0.2516,normal
0,icmp,pop3,S1,47973,8513,7,25,0.9,255,0.2648,normal
9,tcp,pop3,OTH,16368,18030,26,22,0.99,215,0.2414,normal
16,tcp,ssh,OTH,33673,19689,45,36,0.96,241,0.1898,normal
8,icmp,https,S0,22729,44164,9,46,0.9,145,0.1512,normal
0,udp,http,S3,31581,38294,37,43,0.91,236,0.0858,normal
15,udp,dns,REJ,6955,686,228,103,0.13,50,0.5805,attack
9,icmp,ftp_data,RSTO,19442,13469,49,35,0.71,215,0.0307,normal
0,udp,pop3,RSTR,25586,15671,33,45,0.79,112,0.2779,normal
0,icmp,https,OTH,949,48837,17,13,0.89,213,0.249,normal
0,tcp,ftp_data,S0,12975,47607,13,19,0.83,119,0.0561,normal
83,udp,smtp,SF,72954,270,266,83,0.29,16,0.5028,attack
0,icmp,https,S3,81968,630,354,252,0.39,35,0.679,attack
0,tcp,https,RSTR,4138,163,412,279,0.27,5,0.6747,attack
184,icmp,other,OTH,4598,843,204,59,0.33,28,0.6202,attack
105,icmp,https,S3,49987,937,258,198,0.13,46,0.6414,attack
0,tcp,smtp,S3,32003,2973,19,42,0.76,231,0.0247,normal
1,tcp,ftp_data,S1,4390,13913,43,41,0.93,208,0.2507,normal
0,tcp,http,REJ,49048,45060,10,2,0.84,184,0.0114,normal
0,udp,https,SF,4716,37780,15,17,0.82,215,0.1891,normal
0,tcp,https,S3,84072,737,232,388,0.37,2,0.8504,attack
0,tcp,ftp_data,RSTO,36899,783,424,196,0.2,42,0.5154,attack
92,icmp,https,SF,83105,147,352,347,0.44,50,0.9336,attack
0,tcp,dns,RSTO,9365,8176,3,1,0.87,200,0.1611,normal
13,tcp,other,SH,22634,13976,27,42,0.96,136,0.0483,normal
0,tcp,other,S2,4496,472,481,38,0.15,4,0.6253,attack
0,udp,telnet,S2,8502,44094,42,16,0.73,117,0.27,normal
19,udp,ssh,RSTO,74128,580,386,414,0.16,27,0.5843,attack
3,udp,telnet,RSTR,28681,18232,24,9,0.9,184,0.2634,normal
0,tcp,ftp_data,RSTO,36254,7232,12,42,0.88,171,0.2576,normal
0,icmp,ssh,SF,2441,869,459,324,0.02,37,0.7895,attack
0,icmp,dns,REJ,35468,31039,42,50,0.74,200,0.067,normal
0,icmp,smtp,S3,6034,26103,24,33,0.7,161,0.2544,normal
32,udp,https,SF,4639,971,489,338,0.44,9,0.868,attack
59,udp,pop3,S2,8239,270,389,120,0.02,13,0.7589,attack
0,udp,dns,OTH,2715,42601,21,7,0.91,233,0.1901,normal
0,udp,ssh,S3,24784,42939,25,24,0.88,119,0.155,normal
190,tcp,ftp,S3,63191,908,509,4,0.25,8,0.7199,attack
0,udp,https,S0,9946,12349,11,24,0.88,130,0.1983,normal
0,tcp,smtp,OTH,31493,13908,38,11,0.89,205,0.0067,normal
0,tcp,ftp_data,S1,41357,33696,3,37,0.74,142,0.0775,normal
0,tcp,telnet,OTH,41887,1320,47,47,0.9,172,0.2842,normal
0,tcp,other,S3,11278,14476,27,39,0.74,249,0.2461,normal
173,tcp,ftp_data,S3,78188,604,235,118,0.19,8,0.5543,attack
26,icmp,ftp_data,S0,9901,39782,7,12,0.84,253,0.0117,normal
0,tcp,telnet,S1,3534,534,415,190,0.44,44,0.7649,attack
158,icmp,pop3,SH,17548,260,444,393,0.12,5,0.6416,attack
1,tcp,smtp,S1,68126,7,392,336,0.1,20,0.7044,attack
0,udp,ssh,S1,17224,35234,28,37,0.81,170,0.2975,normal
0,icmp,https,S1,31719,11812,24,36,0.87,164,0.2966,normal
5,icmp,pop3,RSTR,7904,49108,15,29,0.93,141,0.0301,normal
0,tcp,telnet,OTH,45782,44963,46,4,0.75,101,0.2413,normal
75,udp,other,S3,29067,379,240,312,0.02,24,0.9653,attack
30,icmp,dns,RSTO,83924,506,424,6,0.1,42,0.9654,attack
27,udp,pop3,RSTR,295,368,322,336,0.0,10,0.5434,attack
0,icmp,dns,S3,38509,13227,34,1,0.92,117,0.2758,normal
0,icmp,http,SH,22872,18221,15,39,0.99,216,0.2789,normal
0,icmp,other,SH,65951,301,374,485,0.06,32,0.9784,attack
0,icmp,http,S2,37007,31795,50,16,0.93,217,0.2045,normal
136,udp,ftp_data,S3,83055,807,312,347,0.35,20,0.7062,attack
68,tcp,telnet,RSTR,37655,95,404,345,0.37,21,0.538,attack
34,udp,ssh,RSTO,97800,699,297,256,0.37,15,0.8677,attack
123,udp,other,SF,1277,797,254,62,0.46,43,0.9779,attack
0,udp,smtp,S3,2869,31707,24,40,0.79,247,0.2606,normal
6,udp,smtp,S2,443,538,416,245,0.47,2,0.7512,attack
10,tcp,https,RSTR,34061,30251,21,45,0.7,153,0.1138,normal
0,udp,pop3,RSTO,12365,36050,17,16,0.78,187,0.1098,normal
127,tcp,dns,RSTO,52506,286,430,93,0.29,36,0.843,attack
0,udp,smtp,S3,12949,9658,48,10,0.84,102,0.053,normal
0,icmp,smtp,SF,31991,19763,17,36,0.96,112,0.1195,normal
184,icmp,dns,RSTR,82557,98,430,382,0.17,23,0.6802,attack
120,tcp,dns,RSTR,89074,986,510,102,0.29,41,0.8246,attack
169,icmp,https,S1,10277,390,346,238,0.32,9,0.9341,attack
0,udp,dns,OTH,26627,4775,6,11,0.8,180,0.0951,normal
0,tcp,http,REJ,29256,23900,48,38,0.86,215,0.1242,normal
5,tcp,ftp,S2,16591,48850,45,48,0.72,142,0.1191,normal
0,udp,dns,RSTO,26118,34439,49,6,0.73,139,0.0253,normal
167,udp,https,S2,82114,129,267,270,0.42,1,0.5176,attack
0,icmp,telnet,OTH,17952,36049,29,9,0.99,238,0.0531,normal
118,udp,smtp,SH,63131,552,316,413,0.04,19,0.6829,attack
117,udp,dns,SF,2349,480,473,5,0.34,31,0.9735,attack
23,icmp,pop3,S1,19296,39225,15,1,0.86,148,0.1235,normal
134,icmp,dns,SH,28913,269,240,217,0.31,33,0.8823,attack
0,udp,other,S2,17717,27160,13,5,0.75,174,0.0331,normal
37,tcp,dns,SH,42027,19,277,26,0.48,1,0.593,attack
0,udp,https,S2,30514,92,277,8,0.25,21,0.7101,attack
0,udp,smtp,RSTO,21743,5357,49,10,0.72,200,0.0214,normal
0,udp,ssh,SF,25107,926,8,50,0.91,198,0.2314,normal
47,icmp,ftp_data,S3,61974,398,359,480,0.16,40,0.8641,attack
93,udp,https,SF,26047,369,226,443,0.33,7,0.618,attack
2,udp,other,REJ,51879,808,324,5,0.48,37,0.8917,attack
68,tcp,https,REJ,20669,511,246,352,0.31,48,0.8126,attack
22,udp,telnet,RSTO,7138,8346,32,15,0.8,242,0.2366,normal
124,udp,ftp_data,S2,94948,137,328,461,0.02,45,0.7188,attack
119,icmp,smtp,S0,2651,749,439,141,0.43,38,0.9572,attack
0,tcp,http,OTH,19477,17358,35,24,0.84,229,0.1137,normal
20,tcp,ftp_data,S2,40745,15749,21,47,0.72,237,0.2457,normal
0,icmp,ftp,SF,40276,18655,21,27,0.89,128,0.0289,normal
0,icmp,pop3,S2,11807,2149,13,7,0.85,125,0.0095,normal
10,tcp,telnet,S0,38785,16873,4,24,0.77,118,0.0039,normal
2,icmp,http,OTH,4078,23753,36,48,0.98,206,0.2466,normal
0,icmp,pop3,RSTO,39833,79,310,492,0.26,6,0.8626,attack
32,udp,telnet,S1,4574,767,485,213,0.37,49,0.8193,attack
0,icmp,telnet,RSTR,11922,36142,26,33,0.8,140,0.1602,normal
0,icmp,ftp_data,RSTO,21376,24461,27,49,0.89,182,0.1825,normal
125,icmp,smtp,SH,59297,458,403,1,0.36,18,0.7979,attack
50,icmp,smtp,S0,2579,22,341,471,0.28,35,0.7853,attack
20,udp,ftp,OTH,18141,271,387,456,0.29,14,0.6281,attack
0,tcp,other,SH,2659,811,447,89,0.24,44,0.8514,attack
0,tcp,ssh,OTH,7329,943,371,179,0.44,27,0.7083,attack
2,tcp,https,S3,41531,25166,4,20,0.86,181,0.162,normal
0,tcp,ssh,S1,3410,44247,47,26,0.99,252,0.1726,normal
16,udp,ftp,S1,17326,344,242,244,0.29,3,0.7741,attack
20,icmp,other,RSTO,45835,8644,49,9,0.84,150,0.1464,normal
15,icmp,ftp,S0,34457,16237,16,5,0.78,210,0.097,normal
0,tcp,https,OTH,24038,22926,13,21,0.8,106,0.2309,normal
23,udp,smtp,S0,29080,40940,10,29,0.71,159,0.0599,normal
65,icmp,ftp,SH,81396,948,275,445,0.42,18,0.5069,attack
0,udp,ftp_data,S2,21849,13797,48,35,0.76,239,0.157,normal
0,tcp,http,SH,45652,45893,43,2,0.81,234,0.013,normal
0,icmp,https,S0,60943,670,204,35,0.19,17,0.8315,attack
59,tcp,ssh,S3,49899,520,250,463,0.16,38,0.7658,attack
0,udp,smtp,SF,46792,1508,3,16,0.98,178,0.1001,normal
122,tcp,dns,S1,81950,309,320,510,0.49,32,0.6379,attack
25,tcp,pop3,S3,2031,36468,18,15,0.75,200,0.1971,normal
0,udp,other,RSTR,41094,45091,15,27,0.77,139,0.1279,normal
46,icmp,ftp_data,REJ,1135,594,477,351,0.4,8,0.6545,attack
21,tcp,http,RSTR,2600,69,485,273,0.47,7,0.5921,attack
0,tcp,ftp,REJ,27051,19980,29,48,0.98,170,0.0456,normal
59,udp,smtp,S3,78166,237,318,352,0.01,5,0.8441,attack
0,tcp,ssh,RSTO,46762,42670,24,12,0.96,225,0.1422,normal
79,udp,other,S2,54138,227,303,388,0.1,11,0.9636,attack
0,udp,other,OTH,16273,28120,26,50,0.71,197,0.2161,normal
0,tcp,ssh,S3,42134,46244,3,34,0.73,216,0.2481,normal
15,udp,pop3,SH,2672,36649,25,34,0.93,112,0.057,normal
0,tcp,telnet,S2,30334,11010,28,19,0.88,113,0.207,normal
33,tcp,telnet,OTH,76735,960,479,70,0.2,20,0.7254,attack
0,tcp,ftp,S0,29898,6010,17,21,0.91,141,0.2155,normal
2,tcp,pop3,S3,23885,5690,34,46,0.82,230,0.1836,normal
112,tcp,pop3,SH,4632,892,276,84,0.43,11,0.8846,attack
88,udp,http,S2,82110,185,260,461,0.07,12,0.5018,attack
0,udp,pop3,S2,35718,476,39,32,0.77,250,0.1978,normal
66,tcp,https,SF,71741,284,485,420,0.41,3,0.5924,attack
93,udp,other,OTH,43399,942,244,26,0.05,11,0.5807,attack
0,udp,https,RSTR,11727,29941,48,38,0.81,109,0.0279,normal
25,icmp,dns,RSTR,4534,49805,28,36,0.72,220,0.0404,normal
0,icmp,ftp_data,S0,13852,45701,14,40,0.72,246,0.2189,normal
9,icmp,other,RSTR,39734,46421,19,28,0.88,181,0.0779,normal
0,icmp,ssh,SH,36972,32631,34,47,0.89,226,0.2424,normal
0,udp,pop3,SF,7846,1671,30,41,0.94,153,0.2399,normal
0,icmp,https,SF,1648,706,344,131,0.4,19,0.6501,attack
115,udp,telnet,S2,51910,741,491,316,0.48,11,0.597,attack
3,udp,pop3,SF,8996,31655,10,41,0.84,237,0.2688,normal
0,icmp,https,RSTR,37124,47611,44,21,0.87,104,0.0625,normal
84,udp,smtp,OTH,255,347,392,321,0.27,10,0.7855,attack
102,udp,ssh,S3,93040,32,339,212,0.04,15,0.6858,attack
132,udp,ftp_data,REJ,4901,796,303,468,0.05,32,0.5125,attack
99,tcp,ssh,SF,42904,146,250,421,0.49,33,0.8384,attack
12,udp,telnet,SF,34332,7691,1,20,0.98,252,0.2616,normal
0,udp,dns,S3,75701,776,359,328,0.45,20,0.6003,attack
1,tcp,ssh,S3,35737,152,280,141,0.06,39,0.7798,attack
79,udp,ftp_data,S2,18554,965,345,294,0.12,4,0.6557,attack
182,icmp,other,OTH,88538,51,254,197,0.03,27,0.696,attack
9,icmp,ftp_data,S0,45933,29318,40,23,0.79,150,0.2139,normal
17,udp,telnet,S2,30619,37310,9,6,0.94,219,0.0292,normal
14,udp,telnet,S2,2113,934,386,201,0.09,42,0.6652,attack
0,icmp,smtp,S3,46064,490,436,434,0.09,49,0.6743,attack
107,udp,ssh,OTH,72895,665,236,406,0.15,29,0.7004,attack
187,udp,other,RSTR,3144,67,374,107,0.41,37,0.7156,attack
0,tcp,other,OTH,11443,43524,43,5,0.92,246,0.251,normal
0,icmp,other,S1,6499,29277,12,20,0.99,117,0.1795,normal
0,tcp,smtp,REJ,28522,836,271,455,0.29,48,0.8181,attack
0,icmp,dns,S1,25657,40442,37,29,0.76,181,0.0899,normal
0,udp,http,RSTR,5951,38289,1,40,1.0,203,0.2543,normal
0,tcp,pop3,OTH,155,46195,36,23,0.73,172,0.2597,normal
136,tcp,ftp_data,S1,53219,390,422,280,0.11,11,0.7374,attack
0,tcp,smtp,S2,27443,10210,19,43,0.74,102,0.0215,normal
0,icmp,smtp,S2,5648,9092,42,27,0.96,254,0.2791,normal
0,udp,ssh,S3,29594,25312,23,15,0.76,254,0.0022,normal
0,icmp,ftp,REJ,4963,581,447,361,0.18,37,0.7408,attack
0,icmp,ftp,S3,49290,18412,30,34,0.72,122,0.0736,normal
0,udp,other,RSTR,40276,3558,22,35,0.93,220,0.1362,normal
89,tcp,telnet,OTH,21955,36,505,384,0.15,50,0.7819,attack
90,udp,dns,REJ,96649,639,213,147,0.24,8,0.7528,attack
0,icmp,telnet,RSTR,16939,1030,48,8,0.88,251,0.2217,normal
0,tcp,smtp,OTH,46025,15579,32,12,0.94,108,0.1029,normal
0,tcp,ssh,OTH,32602,49432,27,50,0.81,212,0.2178,normal
0,udp,telnet,SH,3660,42191,17,49,0.95,113,0.0503,normal
17,icmp,pop3,SF,34999,15413,25,44,0.91,221,0.0788,normal
136,icmp,https,S1,88931,323,471,350,0.48,6,0.9589,attack
4,udp,telnet,RSTO,17964,22052,18,18,0.94,165,0.1963,normal
0,tcp,http,S0,12874,34175,22,44,0.91,146,0.094,normal
0,tcp,other,S0,89849,456,379,113,0.36,16,0.5965,attack
3,icmp,smtp,S0,982,88,509,67,0.19,48,0.9499,attack
0,icmp,https,SH,19404,30702,43,5,0.89,170,0.2308,normal
82,udp,smtp,S2,8177,391,398,171,0.5,16,0.9778,attack
142,icmp,ftp,S2,1461,660,451,56,0.07,49,0.7156,attack
0,udp,smtp,SF,2384,4878,5,37,0.92,214,0.0056,normal
6,icmp,telnet,S2,25690,17561,10,45,0.8,200,0.1724,normal
56,udp,pop3,SF,433,393,446,63,0.28,22,0.6667,attack
3,udp,ssh,REJ,6041,24043,35,22,0.72,217,0.2281,normal
0,udp,telnet,S0,43401,12617,20,45,0.82,127,0.1892,normal
0,udp,ftp,S3,48290,12516,9,3,0.76,251,0.0715,normal
0,tcp,pop3,S0,35092,29545,2,3,0.8,186,0.2363,normal
17,icmp,http,S2,97131,593,319,474,0.04,47,0.5708,attack
0,udp,ftp,S2,3101,16004,45,42,0.74,144,0.1898,normal
27,tcp,pop3,RSTR,38834,4291,7,8,0.85,156,0.0189,normal
15,udp,ssh,SF,44559,26446,21,8,0.99,247,0.1638,normal
0,icmp,smtp,S2,4243,8013,18,10,0.93,143,0.2089,normal
9,tcp,smtp,S0,13102,810,392,399,0.08,31,0.5404,attack
0,icmp,dns,S3,18694,27377,45,50,0.84,132,0.0618,normal
0,tcp,dns,RSTR,11539,40112,45,3,0.88,227,0.1836,normal
39,icmp,ssh,S2,962,542,248,317,0.18,48,0.9934,attack
5,udp,telnet,REJ,13738,18215,4,13,0.73,138,0.2056,normal
0,udp,http,S0,84523,372,345,108,0.22,21,0.8084,attack
0,icmp,telnet,OTH,11626,10457,2,32,0.85,118,0.2685,normal
0,tcp,ssh,S1,13125,49061,44,21,0.77,128,0.0978,normal
0,icmp,telnet,REJ,14561,4918,31,38,0.85,211,0.0435,normal
175,icmp,other,SF,1590,647,383,500,0.13,21,0.5636,attack
179,icmp,other,REJ,60106,428,287,390,0.17,18,0.8018,attack
0,udp,dns,SF,15153,5767,27,34,0.85,155,0.1775,normal
15,icmp,http,S1,16264,16341,21,28,0.87,251,0.2839,normal
0,icmp,ftp,S2,30944,48169,50,33,0.71,235,0.1183,normal
0,udp,ssh,S0,36701,49453,1,45,0.92,155,0.0398,normal
23,tcp,pop3,REJ,92183,470,492,383,0.29,29,0.7319,attack
0,icmp,https,S3,41178,30528,46,41,0.7,118,0.1155,normal
79,icmp,https,SF,91495,968,477,295,0.4,50,0.8423,attack
7,tcp,ftp_data,S0,23954,3479,8,25,0.81,110,0.1097,normal
20,icmp,ssh,RSTO,13516,9170,22,16,0.86,222,0.2212,normal
198,icmp,ftp_data,S0,89158,433,341,28,0.03,22,0.7262,attack
0,udp,ftp,S0,44553,35021,19,29,0.89,116,0.0565,normal
88,tcp,ftp_data,SF,630,111,284,142,0.06,9,0.7482,attack
183,tcp,ssh,S3,2840,430,427,378,0.32,18,0.5945,attack
0,icmp,ftp_data,S3,38025,22565,42,42,0.94,224,0.178,normal
8,tcp,smtp,RSTR,40172,175,333,117,0.24,18,0.8849,attack
23,icmp,smtp,REJ,4385,292,293,499,0.09,45,0.8464,attack
103,tcp,https,RSTR,75304,129,425,134,0.18,13,0.7812,attack
24,udp,https,REJ,69945,308,262,472,0.01,31,0.8843,attack
92,icmp,telnet,RSTR,62116,917,348,497,0.47,36,0.8334,attack
14,icmp,ssh,S2,31490,2726,9,44,0.87,178,0.0074,normal
0,udp,ssh,SF,79711,656,299,299,0.26,50,0.9678,attack
0,tcp,https,S1,67081,403,299,252,0.16,38,0.7558,attack
130,icmp,ftp,RSTO,50608,381,206,146,0.17,19,0.9888,attack
0,udp,smtp,OTH,48696,27337,29,19,0.75,208,0.2186,normal
0,icmp,pop3,S0,13717,19972,31,34,1.0,116,0.2799,normal
153,udp,dns,S3,22923,569,436,364,0.28,8,0.5996,attack
26,tcp,smtp,SH,19891,38452,20,32,0.87,218,0.0674,normal
4,tcp,ftp,SH,85696,681,347,214,0.09,44,0.8224,attack
0,icmp,telnet,S0,39348,48961,24,38,0.84,211,0.2605,normal
73,tcp,http,SH,21344,595,229,75,0.16,44,0.5677,attack
0,icmp,smtp,S0,37992,298,471,328,0.47,32,0.5969,attack
0,icmp,https,S0,35732,21242,21,44,0.94,169,0.2056,normal
0,tcp,ftp,RSTO,9518,945,9,34,0.78,224,0.1236,normal
37,tcp,pop3,S2,4576,628,469,434,0.27,35,0.8511,attack
0,udp,other,S3,8700,1238,31,23,0.79,192,0.0417,normal
0,icmp,smtp,RSTO,11385,46623,20,2,0.92,130,0.0667,normal
7,tcp,ssh,S0,643,435,257,40,0.01,30,0.8787,attack
181,tcp,ftp,OTH,15587,930,329,23,0.03,42,0.5051,attack
35,udp,https,REJ,2879,29,246,75,0.42,17,0.9744,attack
20,tcp,ftp_data,RSTO,47846,40270,16,33,0.87,125,0.2459,normal
0,icmp,telnet,RSTR,11357,49515,35,1,0.99,125,0.2773,normal
0,icmp,ssh,S1,28913,44240,7,12,0.95,197,0.1272,normal
4,icmp,http,S0,61066,112,466,70,0.25,23,0.8524,attack
138,udp,dns,S1,37173,467,507,377,0.16,28,0.6129,attack
184,udp,telnet,S3,89015,376,291,7,0.5,31,0.836,attack
0,tcp,ftp,RSTR,7913,9495,26,26,0.91,126,0.2224,normal
0,udp,other,OTH,13224,39091,26,8,0.77,208,0.2176,normal
123,tcp,telnet,S0,62367,682,508,487,0.2,31,0.7557,attack
195,udp,http,REJ,30254,643,268,16,0.05,3,0.9152,attack
19,udp,telnet,RSTO,39682,636,249,390,0.04,48,0.76,attack
192,tcp,pop3,S0,66164,267,477,176,0.4,34,0.7733,attack
133,udp,smtp,S2,58006,470,218,17,0.09,42,0.9302,attack
140,icmp,other,S2,63891,782,256,292,0.34,42,0.7769,attack
0,udp,dns,RSTR,33306,3752,26,17,0.85,196,0.1851,normal
6,tcp,pop3,RSTR,48026,357,498,14,0.38,40,0.6706,attack
0,icmp,ftp,SH,23120,3799,43,16,0.77,179,0.1778,normal
0,udp,dns,SF,4410,333,219,236,0.33,27,0.784,attack
0,udp,ftp,RSTO,1557,20843,25,37,0.82,246,0.0293,normal
26,tcp,ftp_data,RSTO,80586,306,386,497,0.22,31,0.8177,attack
93,icmp,ftp,OTH,75172,411,315,320,0.37,5,0.8589,attack
184,udp,pop3,S3,55981,214,377,408,0.04,19,0.7523,attack
146,tcp,ftp_data,REJ,32933,639,463,233,0.34,35,0.5903,attack
0,udp,other,SF,43406,48741,30,18,0.98,236,0.2427,normal
0,udp,https,S0,30409,9782,16,10,0.92,176,0.2532,normal
29,tcp,ftp,REJ,27129,17593,19,42,0.75,253,0.0708,normal
99,tcp,smtp,SH,3802,497,486,508,0.22,41,0.9528,attack
83,tcp,http,S0,86333,563,290,330,0.43,46,0.7429,attack
0,icmp,smtp,RSTO,53347,918,386,344,0.33,5,0.6984,attack
69,udp,other,S1,65070,905,246,122,0.3,49,0.9033,attack
16,udp,pop3,SH,15562,27813,14,10,0.73,154,0.291,normal
0,udp,ssh,SH,32236,35061,24,45,0.98,181,0.1637,normal
0,icmp,http,SF,23889,31244,46,24,0.95,105,0.1936,normal
21,icmp,ftp,S3,44113,15807,17,36,0.82,192,0.2709,normal
0,tcp,telnet,RSTR,25558,615,26,17,0.79,160,0.0892,normal
19,udp,https,S1,42333,26726,3,18,0.96,225,0.1413,normal
25,icmp,ftp_data,RSTR,6679,10608,45,17,0.85,190,0.1263,normal
0,tcp,dns,RSTR,3514,42133,42,12,0.89,134,0.0009,normal
0,icmp,pop3,RSTR,10443,16458,34,46,0.99,133,0.2541,normal
15,tcp,ftp,S1,8849,17183,12,44,0.88,183,0.2399,normal
134,icmp,ssh,S0,74762,229,210,486,0.01,35,0.8236,attack
0,tcp,ftp,RSTR,17256,46057,11,4,0.82,209,0.1801,normal
0,udp,ftp,RSTO,94186,538,422,396,0.46,29,0.9136,attack
0,icmp,ssh,SH,17545,18971,48,32,0.81,210,0.2569,normal
0,udp,ssh,RSTR,27515,11920,27,10,0.71,167,0.0706,normal
3,udp,ssh,S1,30126,5718,1,31,0.74,182,0.2923,normal
15,tcp,telnet,RSTR,39237,16892,5,7,0.87,113,0.0999,normal
6,udp,pop3,RSTR,39305,46602,48,3,0.7,229,0.1859,normal
32,udp,ftp_data,S1,34116,173,457,253,0.47,29,0.566,attack
101,udp,dns,SH,5788,130,455,447,0.49,17,0.8739,attack
18,udp,smtp,S3,17385,33980,21,28,0.97,180,0.2211,normal
5,udp,dns,REJ,41823,28935,4,13,0.74,158,0.0549,normal
0,udp,ftp,REJ,7703,32534,3,29,0.81,243,0.1456,normal
45,icmp,other,RSTO,37239,184,286,384,0.25,17,0.7816,attack
0,icmp,ftp,RSTR,34572,37507,12,27,0.98,163,0.2305,normal
142,icmp,telnet,S2,48963,604,254,429,0.16,1,0.5405,attack
0,icmp,other,REJ,39041,43223,1,22,0.99,215,0.0975,normal
85,udp,dns,REJ,42358,817,228,381,0.04,38,0.6907,attack
0,icmp,smtp,S0,2688,872,306,84,0.19,25,0.6425,attack
99,udp,telnet,S1,89779,617,267,184,0.33,23,0.7563,attack
0,udp,pop3,S0,39443,27826,6,49,0.83,194,0.1842,normal
178,tcp,dns,S2,88662,229,279,477,0.25,40,0.8236,attack
94,tcp,ftp_data,S0,19478,130,353,431,0.12,27,0.6477,attack
0,udp,dns,OTH,7153,33566,28,27,0.73,245,0.2438,normal
0,udp,dns,RSTR,97060,677,436,92,0.39,25,0.5226,attack
0,tcp,ssh,REJ,49733,44026,29,40,0.94,187,0.29,normal
0,udp,telnet,S1,56858,547,209,3,0.2,0,0.5859,attack
16,icmp,pop3,SH,39545,47673,32,20,0.89,192,0.2072,normal
0,icmp,smtp,RSTO,1563,114,208,357,0.49,1,0.6046,attack
0,tcp,telnet,S2,2465,788,437,76,0.24,1,0.5582,attack
0,tcp,ftp,S1,38453,16000,13,19,0.87,200,0.0153,normal
29,udp,telnet,S3,32586,48405,38,39,0.92,174,0.0111,normal
0,udp,ftp_data,S0,44577,32075,15,46,0.72,104,0.1266,normal
183,icmp,ssh,S2,15327,506,377,230,0.35,1,0.5807,attack
53,tcp,dns,S1,4814,930,373,472,0.3,45,0.8285,attack
27,udp,ftp,S2,44212,42862,48,24,0.94,141,0.1866,normal
21,tcp,ftp_data,SF,4962,503,251,407,0.21,31,0.6518,attack
0,tcp,https,S1,17192,23499,44,11,0.75,228,0.0096,normal
2,tcp,ftp_data,SH,4603,229,449,133,0.5,50,0.6776,attack
9,tcp,ftp,OTH,33876,39702,43,7,0.91,212,0.2397,normal
0,udp,smtp,SH,36962,2850,33,7,0.75,130,0.2613,normal
18,tcp,ftp,RSTO,33254,32762,47,7,0.75,193,0.1004,normal
0,udp,pop3,RSTR,32154,854,442,175,0.14,10,0.5426,attack
0,udp,pop3,S1,10035,49462,49,34,0.83,158,0.0414,normal
0,icmp,ftp,S0,44808,23809,2,29,0.74,102,0.2153,normal
25,icmp,http,S3,56894,62,401,389,0.02,41,0.5755,attack
0,tcp,dns,S3,26445,44721,45,36,0.96,180,0.2728,normal
0,icmp,telnet,RSTR,45994,26572,29,42,0.76,239,0.1873,normal
21,udp,pop3,REJ,42616,26609,50,13,0.96,121,0.0111,normal
0,icmp,smtp,SF,18707,14107,6,33,0.87,233,0.1022,normal
64,udp,dns,S3,39838,743,416,506,0.25,46,0.53,attack
4,icmp,other,OTH,58816,305,493,378,0.0,21,0.9915,attack
1,icmp,other,REJ,43715,35049,39,15,0.81,172,0.2001,normal
0,udp,telnet,S0,48433,16328,7,21,0.85,149,0.2469,normal
151,tcp,https,S3,10740,94,231,218,0.44,30,0.6074,attack
76,udp,smtp,REJ,76585,510,416,511,0.22,31,0.8659,attack
0,tcp,telnet,S2,46705,30096,9,46,0.85,235,0.0354,normal
130,icmp,smtp,S0,972,616,409,57,0.06,36,0.6448,attack
96,tcp,dns,SH,38532,497,214,406,0.07,50,0.7948,attack
0,udp,other,S2,16033,560,378,35,0.44,26,0.7406,attack
21,udp,telnet,S2,24827,31244,47,39,0.74,135,0.1514,normal
0,tcp,telnet,SH,81889,680,409,199,0.12,25,0.6695,attack
0,tcp,ftp_data,S0,46447,1725,37,41,0.94,179,0.1683,normal
37,tcp,http,SH,98377,487,457,460,0.01,42,0.9681,attack
0,icmp,http,S2,46343,38081,29,6,0.94,255,0.0961,normal
0,udp,ftp,S0,22379,28740,12,27,0.71,235,0.0952,normal
0,udp,smtp,SF,11120,18800,10,12,0.78,122,0.0463,normal
0,udp,https,SH,11992,1880,46,4,0.79,125,0.096,normal
0,udp,ftp,SH,26549,245,505,301,0.12,32,0.8762,attack
149,icmp,ftp,RSTO,8579,495,214,209,0.32,1,0.6346,attack
4,tcp,https,S3,8329,20063,37,27,0.83,228,0.061,normal
21,icmp,dns,REJ,16166,35327,28,36,0.84,100,0.2438,normal
80,icmp,dns,SF,78363,256,394,180,0.42,13,0.7926,attack
94,udp,ssh,OTH,11759,404,262,426,0.07,35,0.9994,attack
23,icmp,https,RSTR,20960,44802,22,41,0.78,215,0.0819,normal
0,udp,ftp_data,S2,90681,136,201,312,0.24,0,0.8364,attack
0,udp,pop3,OTH,5418,42639,42,5,0.86,213,0.2017,normal
0,tcp,dns,RSTR,1022,473,389,480,0.1,0,0.6108,attack
54,tcp,http,RSTO,30704,505,385,19,0.14,45,0.8535,attack
2,icmp,other,OTH,26057,7370,18,37,0.85,143,0.1655,normal
0,icmp,dns,RSTO,38645,8504,48,5,0.74,245,0.2566,normal
0,tcp,pop3,SF,45515,44516,35,40,0.78,243,0.2649,normal
0,icmp,http,RSTO,28447,26765,18,8,0.9,219,0.1487,normal
170,icmp,ssh,S1,41450,5,400,100,0.17,36,0.9038,attack
0,udp,http,OTH,13002,10879,22,20,0.72,124,0.0084,normal
0,udp,ftp_data,RSTO,16510,16297,7,31,0.77,187,0.2498,normal
20,tcp,http,SF,39419,40703,29,49,0.73,214,0.1737,normal
6,tcp,http,S3,8126,941,426,29,0.15,40,0.7159,attack
146,tcp,telnet,S1,12560,632,410,120,0.43,50,0.8299,attack
0,udp,other,RSTO,40746,40681,7,22,0.9,106,0.1362,normal
0,udp,pop3,S2,77710,808,299,464,0.29,40,0.7544,attack
0,icmp,https,SH,12284,16035,9,3,0.72,179,0.1754,normal
0,tcp,ftp_data,OTH,9643,9760,31,20,0.88,174,0.1106,normal
0,tcp,ssh,S0,3856,15657,33,36,0.96,208,0.1031,normal
180,udp,https,REJ,78612,709,369,437,0.29,21,0.8081,attack
194,tcp,ssh,S2,28757,942,201,328,0.11,14,0.7333,attack
25,tcp,https,SF,21826,48601,25,14,0.82,101,0.1088,normal
0,tcp,ssh,RSTO,19143,28962,13,41,0.88,192,0.0132,normal
75,udp,ftp,SF,1427,347,483,126,0.09,1,0.588,attack
0,udp,https,REJ,24933,43017,8,22,0.98,178,0.1369,normal
23,tcp,ftp_data,S1,40942,28524,46,5,0.74,133,0.2385,normal
0,icmp,dns,REJ,39392,28250,41,16,0.98,250,0.0567,normal
84,tcp,telnet,OTH,16575,871,460,496,0.29,31,0.6046,attack
132,udp,telnet,S2,65350,531,437,92,0.16,23,0.7627,attack
0,udp,pop3,OTH,27158,224,303,232,0.43,25,0.6093,attack
71,tcp,other,SF,72161,86,268,385,0.04,28,0.7594,attack
0,udp,dns,S1,22144,28025,29,30,0.83,194,0.2414,normal
60,icmp,ftp_data,S0,34815,660,238,184,0.45,18,0.9213,attack
0,icmp,https,SH,6549,7871,5,24,0.71,151,0.1001,normal
38,udp,http,SH,92489,618,270,438,0.38,47,0.7716,attack
147,tcp,pop3,RSTO,53183,841,496,388,0.33,30,0.827,attack
183,udp,https,S0,1914,528,500,403,0.28,29,0.8613,attack
160,icmp,smtp,SH,3421,214,424,231,0.43,1,0.6874,attack
0,udp,ftp_data,SH,32854,43278,23,22,0.77,208,0.2057,normal
0,icmp,pop3,S1,18236,157,369,291,0.31,38,0.9569,attack
0,icmp,dns,S0,70056,395,296,244,0.05,36,0.981,attack
0,tcp,dns,S3,4942,500,213,96,0.1,24,0.6419,attack
129,tcp,smtp,S3,67964,11,287,168,0.43,26,0.6956,attack
140,tcp,other,OTH,27063,133,305,159,0.22,45,0.8324,attack
0,tcp,telnet,S0,13402,33030,46,44,0.84,151,0.0022,normal
0,tcp,ftp,SH,16276,34562,22,37,0.96,217,0.1388,normal
0,tcp,other,S1,22826,45995,46,20,0.82,144,0.1245,normal
5,tcp,dns,S3,12122,45878,37,7,0.82,111,0.0719,normal
52,icmp,https,S1,64682,421,483,63,0.5,4,0.8777,attack
0,icmp,pop3,RSTO,13690,33265,3,30,0.71,218,0.1143,normal
69,tcp,ftp,S3,15031,726,269,168,0.34,29,0.7424,attack
12,icmp,ftp,REJ,28786,9291,31,18,0.95,143,0.2515,normal
27,tcp,http,S3,10169,687,205,347,0.14,28,0.679,attack
0,udp,ssh,RSTO,51199,706,357,228,0.03,0,0.5243,attack
43,icmp,ftp,RSTO,748,16,415,15,0.49,21,0.9103,attack
0,udp,https,S3,43623,11102,47,11,0.71,231,0.0323,normal
0,udp,smtp,SF,13673,35601,26,28,0.74,154,0.0318,normal
0,udp,http,S0,51011,217,434,113,0.03,17,0.825,attack
0,tcp,other,RSTR,19861,39347,32,7,0.91,245,0.0514,normal
10,icmp,https,S2,25565,44526,50,45,0.74,144,0.1906,normal
170,icmp,ftp,SH,50118,523,319,258,0.29,0,0.6163,attack
65,udp,ssh,SF,81233,81,230,71,0.19,18,0.601,attack
109,udp,dns,SF,17598,284,362,330,0.39,2,0.7604,attack
116,icmp,ssh,OTH,31752,210,476,28,0.45,42,0.9942,attack
0,tcp,http,REJ,21178,12128,29,41,0.7,225,0.021,normal
0,tcp,pop3,S2,6113,11482,38,36,0.95,152,0.0709,normal
66,icmp,ssh,SH,3473,180,510,128,0.15,36,0.7241,attack
0,icmp,pop3,REJ,5343,23665,26,25,0.75,212,0.1268,normal
22,udp,other,S3,31688,1398,49,25,0.83,121,0.2277,normal
72,tcp,https,REJ,3116,474,356,233,0.14,35,0.803,attack
0,udp,pop3,RSTR,10240,12527,1,1,0.96,195,0.1474,normal
0,tcp,ssh,S1,53580,906,219,509,0.46,24,0.9661,attack
19,icmp,pop3,S1,49355,47433,23,33,0.91,194,0.2089,normal
0,icmp,smtp,SH,31408,2361,24,41,0.91,107,0.2092,normal
8,tcp,pop3,S1,9757,16765,16,39,0.87,141,0.0037,normal
0,icmp,ftp_data,S1,34082,12474,28,11,0.95,164,0.2076,normal
14,udp,smtp,SH,27075,49413,47,6,0.73,246,0.233,normal
16,tcp,pop3,S3,26181,45910,20,1,1.0,225,0.0005,normal
161,icmp,ftp,S2,22365,180,391,96,0.35,12,0.7432,attack
0,udp,telnet,OTH,12265,13268,4,48,0.75,149,0.0778,normal
0,tcp,telnet,S2,2401,87,393,64,0.14,21,0.5148,attack
0,tcp,ftp,RSTO,723,4101,18,49,0.99,249,0.2368,normal
0,udp,other,S1,24719,39617,34,49,0.78,224,0.142,normal
102,udp,https,S0,31404,963,384,341,0.2,39,0.5286,attack
12,tcp,https,S2,3365,616,262,445,0.27,44,0.8757,attack
5,udp,http,RSTR,31242,33845,27,43,0.76,182,0.005,normal
0,udp,ftp,S1,39864,31854,26,48,0.88,120,0.1045,normal
14,udp,ftp,SH,4260,897,492,402,0.43,32,0.5159,attack
0,tcp,smtp,S0,30692,11113,29,8,0.84,238,0.0723,normal
23,udp,ftp,REJ,42795,924,396,393,0.14,46,0.6288,attack
2,icmp,ftp,RSTR,47640,32341,6,45,0.8,157,0.2795,normal
164,icmp,other,RSTO,30587,228,332,60,0.15,7,0.5446,attack
0,udp,http,OTH,37641,24200,9,21,0.99,247,0.2211,normal
29,icmp,other,RSTO,25537,27867,21,50,0.81,132,0.1559,normal
176,icmp,dns,REJ,41409,148,351,429,0.11,43,0.7279,attack
29,icmp,other,S2,46169,2350,39,21,0.79,131,0.082,normal
0,icmp,ssh,RSTO,32541,19203,46,25,0.72,185,0.0458,normal
0,icmp,pop3,RSTR,11832,32049,47,26,0.79,140,0.2973,normal
119,tcp,ftp_data,S1,99315,400,400,37,0.26,18,0.6412,attack
0,udp,dns,REJ,93007,311,434,336,0.08,8,0.7209,attack
0,udp,smtp,SF,2967,743,494,53,0.34,9,0.6883,attack
32,icmp,pop3,RSTO,6877,120,463,333,0.17,27,0.9849,attack
144,icmp,ftp,S2,4002,309,505,489,0.09,47,0.6877,attack
4,tcp,ftp,S2,25141,18136,41,42,0.83,102,0.036,normal
0,icmp,ftp,OTH,14841,1609,38,37,1.0,222,0.0821,normal
163,icmp,smtp,S1,39107,585,264,51,0.16,45,0.9544,attack
0,icmp,ftp,RSTO,25907,36541,35,34,0.85,232,0.2511,normal
0,tcp,http,REJ,11940,39362,45,12,0.7,214,0.2402,normal
4,tcp,ftp_data,SH,10665,5855,36,17,0.96,108,0.0254,normal
157,udp,ftp_data,S2,0,254,353,24,0.47,33,0.9523,attack
101,icmp,http,RSTO,68506,932,380,311,0.27,13,0.844,attack
94,tcp,other,S1,1763,980,268,309,0.28,37,0.6795,attack
74,icmp,smtp,S3,50040,665,283,205,0.23,16,0.8383,attack
39,udp,smtp,RSTR,93643,381,488,337,0.32,32,0.8025,attack
0,icmp,ftp_data,S1,24934,1798,39,16,0.72,131,0.1594,normal
126,tcp,pop3,RSTO,43714,796,339,75,0.43,14,0.6368,attack
4,udp,other,SH,23033,539,356,302,0.41,31,0.5478,attack
0,icmp,ftp_data,S3,6592,3243,11,21,0.98,199,0.0542,normal
29,icmp,smtp,REJ,26488,31351,38,9,0.78,231,0.214,normal
0,icmp,telnet,REJ,95082,654,389,363,0.39,43,0.8044,attack
180,tcp,dns,S0,65828,293,341,488,0.21,45,0.9407,attack
0,tcp,other,SF,20595,6007,41,6,0.72,161,0.2835,normal
193,udp,ftp_data,S3,1401,985,417,347,0.25,46,0.5682,attack
0,icmp,https,RSTO,1010,40488,13,48,0.7,208,0.2108,normal
5,icmp,ssh,REJ,34710,44931,39,3,0.88,143,0.2024,normal
121,icmp,ssh,S3,417,432,453,195,0.09,7,0.669,attack
0,icmp,pop3,RSTO,19109,19706,31,19,0.78,100,0.2214,normal
3,icmp,telnet,RSTR,33885,2421,30,40,0.95,114,0.1067,normal
0,tcp,ftp,S3,45838,911,295,206,0.18,6,0.7154,attack
0,udp,https,SH,27016,8216,32,1,0.75,164,0.0678,normal
78,udp,ssh,S0,890,449,424,83,0.07,47,0.717,attack
9,udp,dns,S0,51713,431,369,462,0.02,42,0.5995,attack
6,udp,smtp,S0,42583,769,404,257,0.36,47,0.9215,attack
22,udp,pop3,OTH,1486,8365,10,23,0.85,160,0.0156,normal
0,tcp,ftp_data,REJ,31569,19070,19,32,0.72,209,0.0743,normal
75,icmp,ftp_data,OTH,91875,253,419,102,0.24,50,0.905,attack
58,udp,http,OTH,986,135,405,20,0.14,12,0.9645,attack
135,udp,telnet,SF,53385,537,356,359,0.32,14,0.6109,attack
3,tcp,https,SF,3485,20041,8,18,0.81,189,0.2135,normal
0,tcp,pop3,REJ,86563,762,364,109,0.14,17,0.9542,attack
127,tcp,https,RSTR,43815,311,257,50,0.33,43,0.7759,attack
0,udp,ftp,S0,48788,38694,34,39,0.81,170,0.063,normal
0,icmp,other,RSTR,76881,991,297,99,0.35,6,0.5374,attack
44,udp,ftp_data,RSTR,69934,738,278,23,0.06,26,0.7752,attack
0,icmp,http,REJ,41378,47110,8,28,0.72,207,0.1571,normal
10,udp,telnet,S3,8549,19082,3,37,0.72,148,0.2222,normal
0,udp,ssh,REJ,10947,28788,49,33,0.82,199,0.1203,normal
0,tcp,dns,SH,4200,466,457,363,0.36,16,0.6517,attack
0,udp,smtp,SH,14775,3089,35,16,0.79,137,0.2826,normal
0,udp,https,S0,42201,16418,14,35,0.73,188,0.1898,normal
0,tcp,http,RSTR,17404,47422,9,27,0.97,175,0.0974,normal
31,icmp,ftp,S1,33552,994,208,276,0.33,49,0.9695,attack
0,udp,ssh,OTH,41140,41669,39,36,0.76,213,0.0662,normal
17,udp,ftp,S2,26017,10300,29,15,0.92,211,0.1106,normal
31,udp,smtp,REJ,1547,583,451,483,0.36,41,0.641,attack
8,icmp,pop3,S0,39934,12410,5,10,0.72,162,0.1365,normal
0,tcp,http,REJ,47729,49281,1,39,0.73,198,0.0062,normal
78,tcp,ftp_data,RSTR,18695,961,507,7,0.4,0,0.9788,attack
0,udp,https,S2,13359,9224,31,49,0.87,213,0.2446,normal
77,tcp,ftp_data,S1,82245,556,263,11,0.41,6,0.7723,attack
0,icmp,pop3,S0,1856,437,397,76,0.18,18,0.6129,attack
0,tcp,http,OTH,14814,6767,19,23,0.72,185,0.0355,normal
112,udp,https,S0,78592,185,417,77,0.45,43,0.6508,attack
129,tcp,https,REJ,34786,830,239,404,0.0,9,0.8889,attack
0,tcp,smtp,S1,14832,591,418,492,0.36,9,0.5452,attack
158,icmp,ssh,S1,63083,710,411,309,0.4,21,0.5691,attack
193,icmp,ssh,S0,69792,549,317,197,0.04,45,0.7109,attack
45,udp,https,REJ,2248,371,485,243,0.48,7,0.5298,attack
156,icmp,smtp,S1,1986,215,314,29,0.37,7,0.981,attack
10,icmp,smtp,SF,27933,24458,4,45,0.73,248,0.0221,normal
0,tcp,telnet,REJ,2007,78,206,292,0.42,26,0.5749,attack
10,tcp,http,SF,19728,30914,27,47,0.8,103,0.086,normal
0,udp,other,S3,33083,10608,1,26,0.95,216,0.1662,normal
157,udp,other,SF,1284,278,247,268,0.19,8,0.8716,attack
0,udp,pop3,RSTO,3837,488,360,335,0.32,24,0.5824,attack
0,tcp,ssh,OTH,47540,617,371,15,0.12,10,0.7708,attack
37,icmp,telnet,SF,72311,206,216,124,0.13,36,0.7824,attack
99,udp,https,REJ,1111,365,344,491,0.2,12,0.6572,attack
0,udp,telnet,OTH,21813,26791,48,33,0.73,138,0.0071,normal
0,tcp,ssh,REJ,19113,10665,10,44,0.84,123,0.2858,normal
0,tcp,https,SH,32974,33936,47,39,0.9,187,0.1342,normal
0,tcp,other,S2,93423,792,398,123,0.1,39,0.8034,attack
14,udp,smtp,S0,40572,560,244,256,0.05,20,0.5849,attack
121,udp,telnet,REJ,11695,72,291,364,0.39,16,0.9931,attack
0,icmp,other,RSTR,32098,2694,24,19,0.82,133,0.1322,normal
171,tcp,ftp_data,SF,34449,898,221,318,0.49,3,0.8705,attack
89,udp,ftp,RSTR,49259,162,491,205,0.43,14,0.6941,attack
3,udp,pop3,RSTO,35169,30564,7,6,0.75,127,0.2752,normal
103,udp,http,S3,44882,618,448,109,0.35,30,0.5572,attack
15,tcp,https,S1,83914,218,363,291,0.02,38,0.8871,attack
0,tcp,ftp,REJ,3644,13960,2,49,0.91,169,0.0756,normal
0,udp,smtp,SF,39103,894,431,447,0.21,13,0.8348,attack
116,icmp,smtp,S1,98720,304,284,102,0.17,26,0.7408,attack
0,tcp,https,RSTR,73519,801,505,102,0.04,42,0.7892,attack
16,icmp,http,S2,65463,885,362,59,0.4,43,0.7032,attack
0,tcp,pop3,S3,41669,29547,41,38,0.73,155,0.2237,normal
0,udp,https,SF,24843,14264,23,14,0.99,247,0.2865,normal
198,udp,ftp_data,S1,16350,716,455,333,0.5,26,0.7052,attack
18,tcp,ftp_data,S1,22108,7530,12,30,0.83,145,0.1658,normal
86,tcp,other,S1,92024,635,250,510,0.04,6,0.5448,attack
168,udp,ftp_data,S1,65976,595,216,342,0.14,26,0.6059,attack
4,icmp,pop3,SF,45955,990,437,212,0.45,41,0.8519,attack
21,udp,ssh,SF,14775,33363,19,18,0.96,167,0.0922,normal
0,icmp,https,RSTR,2241,1117,2,10,0.94,232,0.246,normal
64,icmp,pop3,REJ,72841,996,400,99,0.31,25,0.9143,attack
0,icmp,smtp,S3,47817,11484,26,21,0.86,211,0.0693,normal
74,icmp,other,REJ,72470,162,365,105,0.05,1,0.7187,attack
136,tcp,ssh,RSTO,3314,760,266,504,0.23,40,0.8888,attack
134,icmp,other,S0,2133,675,226,141,0.04,9,0.8137,attack
0,udp,ssh,S1,18590,289,334,459,0.09,4,0.7471,attack
152,icmp,telnet,REJ,9643,498,239,108,0.34,24,0.9449,attack
32,udp,other,OTH,86463,580,510,438,0.02,21,0.9969,attack
0,icmp,ftp_data,REJ,34293,48707,17,8,0.76,107,0.1608,normal
0,tcp,dns,SH,28437,30,367,71,0.11,46,0.8458,attack
0,udp,ssh,SH,22942,46504,36,42,0.79,226,0.1308,normal
142,udp,pop3,S2,13486,597,500,160,0.08,13,0.9769,attack
104,icmp,ftp,S2,81646,110,510,197,0.21,36,0.6765,attack
70,icmp,https,S1,76922,419,350,310,0.41,41,0.9752,attack
106,udp,smtp,RSTR,3517,809,295,184,0.12,13,0.8285,attack
0,icmp,ftp,S1,93952,336,309,239,0.28,20,0.9494,attack
52,icmp,pop3,S1,843,574,342,367,0.3,42,0.5374,attack
42,tcp,telnet,REJ,25837,50,452,256,0.02,17,0.7106,attack
0,udp,dns,REJ,25190,15594,37,2,0.79,247,0.2964,normal
0,tcp,pop3,SH,2525,35061,34,3,0.8,104,0.0208,normal
145,udp,telnet,S0,10455,569,360,253,0.31,25,0.6492,attack
0,udp,pop3,RSTO,6833,2019,15,4,0.95,135,0.0315,normal
129,udp,ftp,SH,4403,5,226,133,0.44,2,0.5554,attack
79,tcp,other,S1,91575,174,270,299,0.23,8,0.6597,attack
6,udp,telnet,RSTO,8119,34294,34,16,0.87,225,0.2929,normal
0,tcp,telnet,SF,46269,571,324,338,0.32,13,0.8475,attack
180,icmp,https,SH,3154,192,449,54,0.17,37,0.8808,attack
4,udp,other,S3,10192,33163,7,9,0.77,193,0.1157,normal
37,tcp,telnet,S0,8996,284,416,85,0.34,36,0.8242,attack
0,udp,ftp,S3,1187,30302,12,18,0.71,235,0.1358,normal
49,udp,ftp,SF,19742,406,457,221,0.25,3,0.7207,attack
14,icmp,telnet,S3,27794,12809,19,13,0.82,252,0.0828,normal
68,tcp,ftp_data,S0,14559,224,258,28,0.45,36,0.6331,attack
141,tcp,smtp,RSTO,51496,103,312,376,0.41,44,0.6341,attack
88,icmp,dns,RSTO,96191,3,248,95,0.25,44,0.8111,attack
26,udp,http,REJ,24555,340,433,73,0.48,42,0.7373,attack
0,udp,ssh,S2,11288,44612,49,1,0.88,221,0.1749,normal
89,udp,https,S2,29922,537,457,86,0.38,49,0.547,attack
0,udp,dns,RSTR,35863,16965,43,32,0.78,217,0.0041,normal
20,tcp,smtp,S1,43611,39142,31,8,0.78,232,0.2185,normal
5,icmp,ftp,RSTO,9382,23509,32,2,0.77,210,0.1078,normal
0,icmp,smtp,SH,41960,7173,18,41,0.9,215,0.2962,normal
0,tcp,other,S3,21805,25726,38,27,0.98,170,0.0928,normal
27,tcp,telnet,REJ,40232,8158,28,30,0.87,188,0.0865,normal
0,tcp,dns,SF,34387,19091,40,36,0.9,177,0.146,normal
0,icmp,http,SF,18647,38967,8,4,0.85,101,0.1291,normal
86,icmp,ssh,S1,65797,681,487,80,0.48,45,0.6353,attack
0,icmp,pop3,S1,19158,14443,3,31,0.98,163,0.2435,normal
74,icmp,smtp,RSTO,39586,611,359,89,0.28,43,0.938,attack
43,tcp,pop3,S1,39460,312,243,153,0.28,40,0.7306,attack
101,udp,telnet,SF,66036,957,383,240,0.18,29,0.7103,attack
0,icmp,ftp_data,RSTR,27685,5895,49,9,0.88,177,0.236,normal
0,icmp,telnet,SF,99003,865,401,65,0.2,0,0.7314,attack
0,tcp,ftp,OTH,43710,608,249,421,0.15,30,0.8453,attack
15,udp,smtp,RSTO,47086,3574,45,14,0.85,243,0.2221,normal
2,icmp,ssh,S0,10243,19819,41,20,0.92,101,0.2417,normal
2,udp,pop3,SF,4258,99,326,105,0.05,1,0.9164,attack
0,icmp,telnet,OTH,26613,31801,12,16,0.95,239,0.0781,normal
